,PRESSÃO ATMOSFERICA (hPa),PRESSÃO ATMOSFERICA (hPa),PRESSÃO ATMOSFERICA (hPa),PRESSÃO ATMOSFERICA (hPa),PRESSÃO ATMOSFERICA (hPa),PRESSÃO ATMOSFERICA (hPa),PRESSÃO ATMOSFERICA (hPa),PRESSÃO ATMOSFERICA (hPa),PRESSÃO ATMOSFERICA (hPa),PRESSÃO ATMOSFERICA (hPa),PRESSÃO ATMOSFERICA (hPa),PRESSÃO ATMOSFERICA (hPa),PRESSÃO ATMOSFERICA (hPa),PRESSÃO ATMOSFERICA (hPa),PRESSÃO ATMOSFERICA (hPa),PRESSÃO ATMOSFERICA (hPa),PRESSÃO ATMOSFERICA (hPa),PRESSÃO ATMOSFERICA (hPa),PRESSÃO ATMOSFERICA (hPa),PRESSÃO ATMOSFERICA (hPa),PRESSÃO ATMOSFERICA (hPa),PRESSÃO ATMOSFERICA (hPa),PRESSÃO ATMOSFERICA (hPa),PRESSÃO ATMOSFERICA (hPa),PRECIPITAÇÃO (mm),PRECIPITAÇÃO (mm),PRECIPITAÇÃO (mm),PRECIPITAÇÃO (mm),PRECIPITAÇÃO (mm),PRECIPITAÇÃO (mm),PRECIPITAÇÃO (mm),PRECIPITAÇÃO (mm),PRECIPITAÇÃO (mm),PRECIPITAÇÃO (mm),PRECIPITAÇÃO (mm),PRECIPITAÇÃO (mm),PRECIPITAÇÃO (mm),PRECIPITAÇÃO (mm),PRECIPITAÇÃO (mm),PRECIPITAÇÃO (mm),PRECIPITAÇÃO (mm),PRECIPITAÇÃO (mm),PRECIPITAÇÃO (mm),PRECIPITAÇÃO (mm),PRECIPITAÇÃO (mm),PRECIPITAÇÃO (mm),PRECIPITAÇÃO (mm),PRECIPITAÇÃO (mm),PRESSÃO ATMOSFÉRICA MÁXIMA (hPa),PRESSÃO ATMOSFÉRICA MÁXIMA (hPa),PRESSÃO ATMOSFÉRICA MÁXIMA (hPa),PRESSÃO ATMOSFÉRICA MÁXIMA (hPa),PRESSÃO ATMOSFÉRICA MÁXIMA (hPa),PRESSÃO ATMOSFÉRICA MÁXIMA (hPa),PRESSÃO ATMOSFÉRICA MÁXIMA (hPa),PRESSÃO ATMOSFÉRICA MÁXIMA (hPa),PRESSÃO ATMOSFÉRICA MÁXIMA (hPa),PRESSÃO ATMOSFÉRICA MÁXIMA (hPa),PRESSÃO ATMOSFÉRICA MÁXIMA (hPa),PRESSÃO ATMOSFÉRICA MÁXIMA (hPa),PRESSÃO ATMOSFÉRICA MÁXIMA (hPa),PRESSÃO ATMOSFÉRICA MÁXIMA (hPa),PRESSÃO ATMOSFÉRICA MÁXIMA (hPa),PRESSÃO ATMOSFÉRICA MÁXIMA (hPa),PRESSÃO ATMOSFÉRICA MÁXIMA (hPa),PRESSÃO ATMOSFÉRICA MÁXIMA (hPa),PRESSÃO ATMOSFÉRICA MÁXIMA (hPa),PRESSÃO ATMOSFÉRICA MÁXIMA (hPa),PRESSÃO ATMOSFÉRICA MÁXIMA (hPa),PRESSÃO ATMOSFÉRICA MÁXIMA (hPa),PRESSÃO ATMOSFÉRICA MÁXIMA (hPa),PRESSÃO ATMOSFÉRICA MÁXIMA (hPa),PRESSÃO ATMOSFÉRICA MÍNIMA (hPa),PRESSÃO ATMOSFÉRICA MÍNIMA (hPa),PRESSÃO ATMOSFÉRICA MÍNIMA (hPa),PRESSÃO ATMOSFÉRICA MÍNIMA (hPa),PRESSÃO ATMOSFÉRICA MÍNIMA (hPa),PRESSÃO ATMOSFÉRICA MÍNIMA (hPa),PRESSÃO ATMOSFÉRICA MÍNIMA (hPa),PRESSÃO ATMOSFÉRICA MÍNIMA (hPa),PRESSÃO ATMOSFÉRICA MÍNIMA (hPa),PRESSÃO ATMOSFÉRICA MÍNIMA (hPa),PRESSÃO ATMOSFÉRICA MÍNIMA (hPa),PRESSÃO ATMOSFÉRICA MÍNIMA (hPa),PRESSÃO ATMOSFÉRICA MÍNIMA (hPa),PRESSÃO ATMOSFÉRICA MÍNIMA (hPa),PRESSÃO ATMOSFÉRICA MÍNIMA (hPa),PRESSÃO ATMOSFÉRICA MÍNIMA (hPa),PRESSÃO ATMOSFÉRICA MÍNIMA (hPa),PRESSÃO ATMOSFÉRICA MÍNIMA (hPa),PRESSÃO ATMOSFÉRICA MÍNIMA (hPa),PRESSÃO ATMOSFÉRICA MÍNIMA (hPa),PRESSÃO ATMOSFÉRICA MÍNIMA (hPa),PRESSÃO ATMOSFÉRICA MÍNIMA (hPa),PRESSÃO ATMOSFÉRICA MÍNIMA (hPa),PRESSÃO ATMOSFÉRICA MÍNIMA (hPa)
HORA UTC,0,100,200,300,400,500,600,700,800,900,1000,1100,1200,1300,1400,1500,1600,1700,1800,1900,2000,2100,2200,2300,0,100,200,300,400,500,600,700,800,900,1000,1100,1200,1300,1400,1500,1600,1700,1800,1900,2000,2100,2200,2300,0,100,200,300,400,500,600,700,800,900,1000,1100,1200,1300,1400,1500,1600,1700,1800,1900,2000,2100,2200,2300,0,100,200,300,400,500,600,700,800,900,1000,1100,1200,1300,1400,1500,1600,1700,1800,1900,2000,2100,2200,2300
01-sep-2014,NULL,NULL,NULL,NULL,NULL,NULL,NULL,NULL,NULL,NULL,NULL,NULL,"880,3","880,6","880,6","880,4","879,8","879,1","878,9","878,8",879,"879,1","879,4","879,9",NULL,NULL,NULL,NULL,NULL,NULL,NULL,NULL,NULL,NULL,NULL,NULL,0,0,0,0,0,0,0,0,0,0,0,0,NULL,NULL,NULL,NULL,NULL,NULL,NULL,NULL,NULL,NULL,NULL,NULL,"880,4","880,6","880,7","880,7","880,4","879,8","879,2","878,9",879,"879,1","879,4","879,9",NULL,NULL,NULL,NULL,NULL,NULL,NULL,NULL,NULL,NULL,NULL,NULL,"879,9","880,3","880,6","880,4","879,8","879,1","878,8","878,7","878,8","878,9","879,1","879,4"
02-sep-2014,"880,1","880,3","880,1","880,2","879,8","879,8","879,5","879,1","879,1","879,2","880,1",880,"880,5","880,6","880,1","878,7","877,9","876,8","876,1","876,6","876,4","878,2",877,"877,4",0,0,0,0,0,0,0,0,0,"0,2",0,0,0,0,0,0,0,0,0,0,0,"0,4","9,8","0,2","880,1","880,3","880,3","880,2","880,2","879,9","879,8","879,5","879,2","879,2","880,1","880,2","880,5","880,9","880,8","880,1","878,7",878,"876,8","876,6","876,7","878,2","880,6","877,9","879,9","880,1","880,1",880,"879,8","879,7","879,5",879,879,"878,9","879,1",880,880,"880,5","880,1","878,7","877,9","876,8","875,8","875,6","875,9","876,1",877,"876,6"
03-sep-2014,"879,2",879,879,"878,4","878,7","878,7","878,4","878,4","878,5","879,2","880,1","881,2","881,7","881,9",882,"881,9","881,5","881,3",881,"880,8","881,2","881,7","882,5","883,4",0,0,"0,8",0,0,0,0,0,0,0,0,0,0,0,0,0,0,0,0,0,0,0,0,0,"879,9","879,7","879,4",879,"878,7","878,8","878,7","878,6","878,5","879,2","880,1","881,2","881,7","881,9",882,882,"881,9","881,5","881,3",881,"881,2","881,7","882,5","883,4","877,3","878,9","878,9","878,2","878,2","878,7","878,4","878,4","878,4","878,5","879,2","880,1","881,2","881,7","881,9","881,9","881,5","881,3","880,9","880,8","880,8","881,2","881,7","882,5"
04-sep-2014,"884,2","885,2","885,7","886,1","885,9","885,4","885,5","885,8","886,3","886,7","887,2","887,2","887,6","887,7","887,5","887,3",887,"886,4","886,2","886,2",886,"886,5","887,1","887,6",0,0,0,0,0,0,0,0,"0,2","0,2",0,0,0,0,0,0,0,0,0,0,0,0,0,0,"884,2","885,2","885,8","886,2","886,1","885,9","885,6","885,9","886,3","886,8","887,2","887,4","887,7",888,"887,7","887,6","887,4",887,"886,4","886,3","886,4","886,5","887,1","887,7","883,4","884,2","885,2","885,7","885,8","885,4","885,3","885,3","885,8","886,2","886,8","887,2","887,2","887,5","887,5","887,3","886,9","886,4",886,886,886,886,"886,5","887,1"
05-sep-2014,"887,5","887,5","887,5","887,8","887,6","887,2",887,"886,8","887,2","887,3","887,8","887,7","887,6","887,8","887,4","886,7","886,4","885,5","884,8","884,9","884,9","885,3","885,4","885,8",0,0,0,0,0,0,0,0,0,0,0,0,0,0,0,0,0,0,0,0,0,0,0,0,"887,6","887,6","887,8","887,8",888,"887,8","887,2",887,"887,2","887,4","887,8","887,9","887,9","888,4","887,8","887,4","886,7","886,5","885,5",885,"885,1","885,3","885,4","885,8","887,4","887,4","887,4","887,2","887,6","887,2","886,8","886,5","886,6",887,"887,3","887,7","887,6","887,6","887,4","886,6","886,2","885,5","884,8","884,8","884,9","884,8","885,2","885,3"
06-sep-2014,"886,4","885,8","884,7","884,8","884,4","884,2",884,"883,5","883,4","883,9","884,5","884,4","884,4","884,7","884,5","883,8",883,"882,3","881,8","881,9",882,"881,8","882,2","882,7",0,0,0,0,0,0,0,0,0,0,0,0,0,0,0,0,0,0,0,0,0,"0,2",0,0,"886,5","886,5","885,8","884,8","884,8","884,4","884,2",884,"883,6","883,9","884,5","884,7","884,6","884,9","884,7","884,6","883,8",883,"882,3","881,9",882,882,"882,2","882,7","885,8","885,8","884,6","884,5","884,3","884,1",884,"883,5","883,3","883,3","883,9","884,4","884,4","884,4","884,4","883,8",883,"882,3","881,8","881,7","881,8","881,7","881,8","882,2"
07-sep-2014,"883,1","883,5","884,9",886,"886,1","885,4",885,"885,2","884,3","885,2","883,5","884,7","885,4","885,6","885,8","885,5","885,3","884,5","883,8","883,9","884,1","884,4",885,"885,5",0,0,0,"2,8","2,2",0,"0,2",1,"1,4",0,"0,2",0,0,0,0,0,0,0,"0,2",0,0,0,0,0,"883,1","883,5","884,9","886,2","886,3","886,1","885,5","885,3","885,2","885,2","885,4","885,6","885,4","885,6",886,"885,8","885,5","885,3","884,5",884,"884,2","884,4",885,"885,5","882,7",883,"883,5","884,9","885,6","885,4",885,"884,9","884,2","884,1","883,5","883,5","884,6","885,2","885,5","885,4","885,1","884,5","883,8","883,7","883,8","884,1","884,3",885
08-sep-2014,"885,8","885,9","885,9","885,9","885,4","884,8","884,9","885,1","885,7","885,9","886,1","886,7","887,5","887,7","887,4",887,886,"885,4","884,7","884,3","884,3","884,2","884,3","884,5",0,0,0,0,0,0,0,0,0,0,0,0,0,0,0,0,0,0,0,0,0,0,0,0,"885,8","885,9","886,1","885,9","885,9","885,4","884,9","885,1","885,7",886,"886,1","886,7","887,5","887,7","887,7","887,4",887,886,"885,4","884,7","884,4","884,3","884,4","884,5","885,5","885,7","885,9","885,8","885,4","884,8","884,8","884,9","885,1","885,7","885,9","886,1","886,7","887,4","887,4",887,886,"885,4","884,7","884,3","884,3","884,2","884,2","884,3"
09-sep-2014,885,"885,3","885,2","884,9","884,5","883,8","883,1","882,6","882,8","883,3","883,8","884,1","884,5","884,9","884,5","883,8","882,6","881,3","880,2","879,7","879,6","880,2","880,4","880,7",0,0,0,0,0,"0,2",0,0,0,0,0,0,0,0,0,0,0,0,0,0,0,0,0,0,885,"885,3","885,3","885,2","884,9","884,5","883,8","883,1","882,8","883,3","883,8","884,1","884,5",885,"884,9","884,5","883,8","882,6","881,3","880,2","879,7","880,2","880,5","880,8","884,5",885,"885,2","884,9","884,5","883,8","883,1","882,6","882,6","882,8","883,3","883,8","884,1","884,5","884,5","883,8","882,6","881,3","880,2","879,6","879,5","879,6","880,2","880,4"
10-sep-2014,"881,2","881,3","881,4","881,3","880,8","880,1","879,5","878,9","878,8",879,"879,3","880,2","880,8","881,1","881,2","880,7","880,1","879,2","878,5","878,2","878,6","879,2","879,7","880,1",0,0,0,0,0,0,0,0,0,0,0,0,0,0,0,0,0,0,0,0,0,0,0,0,"881,3","881,4","881,4","881,4","881,4","880,8","880,1","879,5","878,9","879,1","879,3","880,2","880,9","881,1","881,2","881,2","880,7","880,1","879,2","878,5","878,6","879,2","879,7","880,1","880,7","881,2","881,2","881,3","880,8","880,1","879,5","878,8","878,7","878,8",879,"879,3","880,2","880,8",881,"880,7",880,"879,2","878,5","878,1","878,2","878,6","879,2","879,7"
11-sep-2014,"880,6","880,8",881,"880,7","880,5","880,1","879,9","879,7","879,9","880,5",881,"881,7","882,1","882,6","882,7","882,2","881,8","881,2","880,7","880,5","880,7","881,2","881,4","881,8",0,0,0,0,0,0,0,0,0,0,0,0,0,0,0,0,0,0,0,0,0,0,0,0,"880,6","880,9",881,881,"880,7","880,5","880,1","879,9","879,9","880,5",881,"881,7","882,1","882,6","882,9","882,7","882,3","881,9","881,2","880,7","880,7","881,2","881,4","881,8","880,1","880,5","880,8","880,7","880,4",880,"879,8","879,6","879,6","879,9","880,4",881,"881,7","882,1","882,5","882,1","881,7","881,2","880,7","880,4","880,4","880,7","881,2","881,4"
12-sep-2014,"882,2","882,7",883,"883,3",883,"882,7","882,6","882,5","882,4","882,8","883,5","883,7","884,1","884,4","884,5","884,2","883,9","883,3","882,9","882,7","882,7","882,8","883,2","883,4",0,0,0,0,0,0,0,0,0,0,0,"0,2",0,0,0,0,0,0,0,0,0,0,0,0,"882,2","882,7",883,"883,4","883,3",883,"882,8","882,7","882,5","882,8","883,5","883,7","884,1","884,4","884,6","884,5","884,3","883,9","883,3","882,9","882,8","882,8","883,2","883,4","881,8","882,2","882,7",883,883,"882,7","882,5","882,5","882,4","882,4","882,8","883,4","883,7","884,1","884,3","884,2","883,9","883,3","882,9","882,7","882,7","882,7","882,8","883,2"
13-sep-2014,"883,9","884,3","884,6","884,7","884,6","884,3","884,1","884,1","884,3","884,7","885,2","885,7",886,"886,3","886,2","885,7","885,1","884,5","883,8","883,6","883,6","883,7","883,7","883,9",0,0,0,0,0,0,0,0,0,0,0,0,0,0,0,0,0,0,0,0,0,0,0,0,"883,9","884,3","884,7","884,7","884,7","884,6","884,3","884,2","884,3","884,7","885,2","885,7",886,"886,3","886,4","886,3","885,7","885,1","884,5","883,8","883,6","883,7","883,7","883,9","883,4","883,9","884,3","884,6","884,6","884,3",884,"884,1",884,"884,3","884,7","885,2","885,7",886,"886,2","885,7","885,1","884,5","883,7","883,6","883,5","883,5","883,6","883,7"
14-sep-2014,884,"884,3","884,4","884,4",884,"883,2","882,8","882,6","882,6","882,7","882,9","883,7",884,"884,1","883,9","883,5","882,8","881,9","881,3","881,2","881,1","881,4","881,3","881,5",0,0,0,0,0,0,0,0,0,0,0,0,0,0,0,0,0,0,0,0,0,0,0,0,884,"884,3","884,4","884,4","884,4",884,"883,3","882,8","882,7","882,7","882,9","883,7",884,"884,1","884,1","883,9","883,5","882,8","881,9","881,3","881,2","881,4","881,4","881,6","883,9",884,"884,2","884,3",884,"883,2","882,8","882,6","882,5","882,6","882,7","882,9","883,7",884,"883,9","883,5","882,8","881,9","881,3","881,1","881,1","881,1","881,3","881,2"
15-sep-2014,"881,6","881,5","881,8","881,5","881,2","882,2","881,6","880,5","880,5","881,3","882,1","881,7","881,7","881,4","881,3",881,"880,8","880,3","879,6","879,2","879,1","879,5","879,8","880,4",0,0,0,0,0,0,0,0,0,1,"0,2","0,2","0,8",0,0,0,0,0,0,0,0,0,0,0,"881,6","881,6","881,8","881,9","881,5","882,2","882,4","881,6","880,5","881,3","882,2","882,1","881,9",882,"881,4","881,3","881,2","880,9","880,3","879,6","879,2","879,6","879,9","880,4","881,5","881,4","881,4","881,5","881,2","881,2","881,6","880,5","879,9","880,3","881,3","880,9","880,7","881,3","880,7","880,8","880,8","880,3","879,5","879,1",879,"879,1","879,5","879,8"
16-sep-2014,"880,8","881,2","880,9","880,6","880,2",880,"879,7","879,3","879,6",880,"880,8","881,8","882,7",883,"883,1","882,7",882,"881,4","880,7","880,7","880,8","881,2","881,5","881,9",0,0,0,0,0,0,0,0,0,0,0,0,0,0,0,0,0,0,0,0,0,0,0,0,"880,8","881,2","881,2","880,9","880,7","880,2",880,"879,7","879,7","880,1","880,8","881,8","882,7",883,"883,1","883,1","882,7","882,1","881,4","880,7","880,8","881,2","881,5","881,9","880,4","880,7","880,9","880,6","880,2",880,"879,6","879,1","879,3","879,6",880,"880,8","881,8","882,7","882,9","882,7",882,"881,4","880,7","880,5","880,6","880,8","881,2","881,5"
17-sep-2014,"882,3","882,3","882,1","882,1","882,3",882,"881,9","881,7","882,2","882,8","883,2","884,1","884,6","884,6","884,4","884,3","883,5","882,8","882,3",882,"881,9","882,1","882,4","882,7",0,0,0,0,0,0,0,0,0,0,0,0,0,0,0,0,0,0,0,0,0,0,0,0,"882,4","882,5","882,4","882,3","882,4","882,3",882,"881,9","882,3","882,8","883,2","884,1","884,7","884,8","884,7","884,5","884,3","883,5","882,8","882,3","882,1","882,2","882,5","882,7","881,8","882,3","882,1",882,"882,1",882,"881,9","881,6","881,7","882,1","882,8","883,2","884,1","884,6","884,3","884,3","883,5","882,8","882,3",882,"881,9","881,9","882,1","882,4"
18-sep-2014,"882,7","883,1","883,1",883,"882,7","882,4",882,"882,2","882,2","882,5","882,5","882,6","882,9","882,8","882,2","881,8","880,5","882,5","881,4","881,4","880,5","880,1",881,"881,5",0,0,0,0,0,0,0,0,0,0,0,0,0,0,0,0,0,0,"0,8",0,0,0,0,"2,6","882,9","883,1","883,2","883,5",883,"882,8","882,4","882,2","882,3","882,5","882,7","882,6","882,9",883,"882,8","882,2","881,8","882,5","882,5","881,8","881,4","880,6",881,"881,7","882,7","882,7","882,9",883,"882,7","882,4",882,"881,8","881,9","882,1","882,5","882,3","882,4","882,7","882,2","881,8","880,5","880,5","881,2","880,8","880,3","879,8","880,1","880,8"
19-sep-2014,"882,6","882,6","880,7",882,"881,4","878,9","877,2","877,9","879,7","879,3","879,8","880,4","881,1","881,4","881,3","881,1","880,8","879,5","878,2","875,8","877,4","878,1","877,7",877,"2,4",1,0,4,5,1,0,"2,4","2,8","7,8",3,"1,6","5,6","0,2","0,4","1,8","0,8","3,2","0,4",0,"0,4","0,6",0,"0,2","882,9","882,7","882,6","882,4","882,1","881,3","878,9","878,5","879,7","880,3","880,2","880,7","881,6","881,9","881,5","882,1","881,1","881,3","879,5","878,2","877,4","878,5","878,1","878,4","881,1","880,3","880,4",880,"881,4","878,9","877,2","877,1","877,7",879,"879,2","878,7","880,4","881,1","880,7","881,1","880,5","879,5",878,"875,8","875,6","877,1","877,7",877
20-sep-2014,"878,6","879,8","879,3",880,NULL,NULL,NULL,NULL,NULL,NULL,NULL,NULL,"880,8","880,8",881,"880,3","879,8","879,1","878,6","878,4","878,7","879,2","879,6","879,8",0,0,"0,2","0,2",NULL,NULL,NULL,NULL,NULL,NULL,NULL,NULL,0,0,"0,4","0,2",0,0,0,0,0,0,0,0,"878,6","879,9","879,8","880,5",NULL,NULL,NULL,NULL,NULL,NULL,NULL,NULL,"880,8","880,9",881,881,"880,3","879,8","879,1","878,7","878,7","879,2","879,8",880,"876,8","878,6","879,2","878,3",NULL,NULL,NULL,NULL,NULL,NULL,NULL,NULL,"880,4","880,6","880,8","880,3","879,8","878,9","878,5","878,4","878,3","878,7","879,2","879,3"
21-sep-2014,"880,2","880,8","881,1","881,1",881,"880,5",880,"879,9","880,1","880,9","881,5","882,1","882,4","882,6","882,6","882,2","881,6","881,2","880,9","880,9","881,3","881,7","882,4","882,9",0,0,0,"0,2",0,0,0,0,0,0,"0,2",0,0,0,0,0,0,0,0,0,0,0,0,0,"880,3","880,8","881,1","881,2","881,2",881,"880,5","880,2","880,1","880,9","881,5","882,1","882,4","882,7","882,7","882,7","882,2","881,6","881,2","880,9","881,3","881,7","882,4","882,9","879,8","880,2","880,8","881,1",881,"880,5",880,"879,9","879,8","880,1","880,9","881,5","882,1","882,3","882,6","882,2","881,6","881,1","880,8","880,7","880,9","881,3","881,7","882,4"
22-sep-2014,"883,4","883,6","883,7","883,7","883,7","883,2",883,883,"883,1","883,6","884,2",885,"885,6","886,1","885,5","885,2","884,6",884,"883,3","882,9","882,8","882,6","882,8","883,4",0,0,0,0,0,0,0,0,0,0,0,0,0,0,0,0,0,0,0,0,0,0,0,0,"883,4","883,6","883,7","883,7","883,8","883,7","883,2",883,"883,2","883,6","884,2","885,1","885,7","886,1","886,1","885,6","885,2","884,6",884,"883,3",883,"882,9","882,8","883,4","882,9","883,4","883,6","883,6","883,6","883,2","882,9","882,8","882,9","883,1","883,6","884,2",885,"885,6","885,5","885,2","884,6",884,"883,2","882,9","882,7","882,6","882,6","882,8"
23-sep-2014,"883,7","883,7","883,4","883,5",883,"882,3","881,9","881,6","881,6","882,5","883,1","883,5","884,3","884,4","884,1","883,3","882,5","881,6","880,8","880,1","880,2","880,6","880,8","881,1",0,0,0,0,0,0,0,0,0,0,0,0,0,0,0,0,0,0,0,0,0,0,0,0,"883,8","883,8","883,8","883,5","883,5",883,"882,3","881,9","881,7","882,5","883,1","883,8","884,3","884,6","884,4","884,2","883,3","882,5","881,6","880,7","880,2","880,6","880,8","881,1","883,4","883,7","883,4","883,3",883,"882,3","881,8","881,6","881,5","881,5","882,5","883,1","883,5","884,3","884,1","883,3","882,5","881,6","880,8","880,1",880,"880,2","880,6","880,8"
24-sep-2014,"881,5","881,8","881,1","880,4","879,9","879,2","878,5","878,2","877,5","877,8",NULL,NULL,NULL,NULL,NULL,NULL,"883,7","882,5","881,2","880,9","880,5","880,9","881,1","881,2",0,0,0,0,0,0,0,0,0,0,NULL,NULL,NULL,NULL,NULL,NULL,"1,2","0,2",0,0,0,0,0,0,"881,5","881,8","881,8","881,1","880,5","879,9","879,2","878,5","878,2","877,8",NULL,NULL,NULL,NULL,NULL,NULL,"884,8","883,7","882,5","881,4","880,9","880,9","881,3","881,3",881,"881,5","881,1","880,4","879,9","879,1","878,5","878,2","877,5","877,5",NULL,NULL,NULL,NULL,NULL,NULL,"883,6","882,3","881,2","880,9","880,4","880,4","880,9","881,1"
25-sep-2014,"882,1",NULL,NULL,NULL,NULL,NULL,NULL,NULL,NULL,NULL,NULL,NULL,"882,3",882,"881,8","881,3","880,3","879,4","879,5","880,5","879,5","878,5","878,6","878,6",0,NULL,NULL,NULL,NULL,NULL,NULL,NULL,NULL,NULL,NULL,NULL,0,0,0,0,0,0,0,17,5,"1,8","0,4","0,2","882,4",NULL,NULL,NULL,NULL,NULL,NULL,NULL,NULL,NULL,NULL,NULL,"882,4","882,3",882,"881,9","881,3","880,3","879,5","880,5","880,5","879,7",879,"879,1","881,2",NULL,NULL,NULL,NULL,NULL,NULL,NULL,NULL,NULL,NULL,NULL,"881,9","881,9","881,8","881,3","880,3","879,4","878,8","879,5","879,5","878,4","878,4","878,3"
26-sep-2014,879,"878,9","878,5","878,2",NULL,NULL,NULL,NULL,NULL,NULL,NULL,NULL,NULL,NULL,NULL,NULL,"880,9","880,6",879,"878,7",879,"879,4","879,6","879,5",0,"1,2","0,2","1,4",NULL,NULL,NULL,NULL,NULL,NULL,NULL,NULL,NULL,NULL,NULL,NULL,0,"0,2","0,4",0,0,0,0,0,879,"879,4","879,1","878,9",NULL,NULL,NULL,NULL,NULL,NULL,NULL,NULL,NULL,NULL,NULL,NULL,882,"880,9","880,7",879,"879,1","879,4","879,8","879,6","878,4","878,5","878,1","878,1",NULL,NULL,NULL,NULL,NULL,NULL,NULL,NULL,NULL,NULL,NULL,NULL,"880,9","879,5",879,"878,2","878,7",879,"879,1","878,9"
27-sep-2014,"880,1",NULL,NULL,NULL,NULL,NULL,NULL,NULL,NULL,NULL,NULL,NULL,NULL,NULL,884,884,"883,6","882,8","882,6","882,5","882,9",883,"883,1","883,4",0,NULL,NULL,NULL,NULL,NULL,NULL,NULL,NULL,NULL,NULL,NULL,NULL,NULL,"0,4",0,"0,4","0,2","0,2","1,2","1,2","2,2",1,"0,2","880,1",NULL,NULL,NULL,NULL,NULL,NULL,NULL,NULL,NULL,NULL,NULL,NULL,NULL,"884,1","884,1",884,"883,7","882,9","882,6","882,9","883,1","883,2","883,4","879,2",NULL,NULL,NULL,NULL,NULL,NULL,NULL,NULL,NULL,NULL,NULL,NULL,NULL,"883,7","883,8","883,6","882,8","882,6","882,3","882,4","882,9",883,"882,8"
28-sep-2014,"884,1",NULL,NULL,NULL,NULL,NULL,NULL,NULL,NULL,NULL,NULL,NULL,NULL,NULL,NULL,NULL,NULL,NULL,NULL,NULL,NULL,NULL,NULL,NULL,"0,2",NULL,NULL,NULL,NULL,NULL,NULL,NULL,NULL,NULL,NULL,NULL,NULL,NULL,NULL,NULL,NULL,NULL,NULL,NULL,NULL,NULL,NULL,NULL,"884,1",NULL,NULL,NULL,NULL,NULL,NULL,NULL,NULL,NULL,NULL,NULL,NULL,NULL,NULL,NULL,NULL,NULL,NULL,NULL,NULL,NULL,NULL,NULL,"883,4",NULL,NULL,NULL,NULL,NULL,NULL,NULL,NULL,NULL,NULL,NULL,NULL,NULL,NULL,NULL,NULL,NULL,NULL,NULL,NULL,NULL,NULL,NULL
29-sep-2014,NULL,NULL,NULL,NULL,NULL,NULL,NULL,NULL,NULL,NULL,NULL,NULL,NULL,NULL,NULL,NULL,NULL,NULL,NULL,NULL,NULL,NULL,NULL,NULL,NULL,NULL,NULL,NULL,NULL,NULL,NULL,NULL,NULL,NULL,NULL,NULL,NULL,NULL,NULL,NULL,NULL,NULL,NULL,NULL,NULL,NULL,NULL,NULL,NULL,NULL,NULL,NULL,NULL,NULL,NULL,NULL,NULL,NULL,NULL,NULL,NULL,NULL,NULL,NULL,NULL,NULL,NULL,NULL,NULL,NULL,NULL,NULL,NULL,NULL,NULL,NULL,NULL,NULL,NULL,NULL,NULL,NULL,NULL,NULL,NULL,NULL,NULL,NULL,NULL,NULL,NULL,NULL,NULL,NULL,NULL,NULL
30-sep-2014,NULL,NULL,NULL,NULL,NULL,NULL,NULL,NULL,NULL,NULL,NULL,NULL,"880,7","881,2",881,"880,4","879,5","878,9",879,"879,4","879,4","879,3","879,5","880,1",NULL,NULL,NULL,NULL,NULL,NULL,NULL,NULL,NULL,NULL,NULL,NULL,0,0,0,0,0,0,0,"10,6","3,6","0,2",0,0,NULL,NULL,NULL,NULL,NULL,NULL,NULL,NULL,NULL,NULL,NULL,NULL,"880,7","881,2","881,2",881,"880,4","879,5","879,3","880,1","879,8","879,5","879,7","880,2",NULL,NULL,NULL,NULL,NULL,NULL,NULL,NULL,NULL,NULL,NULL,NULL,"880,5","880,6",881,"880,3","879,5","878,9","878,4","878,9","879,1","879,1","879,3","879,4"
01-oct-2014,880,"879,8","879,4","881,5","880,8","881,5","879,8","879,7","880,3","880,5","880,7","881,2","881,9","882,1","882,4","882,4","882,3","882,3","882,1","882,3","882,7","882,7","883,3",884,0,0,0,"8,6","2,2","2,8",3,"0,4",0,0,0,0,0,0,0,0,0,0,0,0,0,0,0,0,"880,1","880,1","879,8","882,9","881,5","881,9","881,7","880,4","880,3","880,5","880,7","881,2","881,9","882,1","882,4","882,5","882,5","882,4","882,3","882,3","882,7","882,7","883,3",884,"879,8","879,8","879,2","879,4","879,9","880,8","879,8","879,1","879,7",880,"880,5","880,7","881,2","881,9","882,1","882,3","882,2","882,2",882,"882,1","882,3","882,5","882,7","883,3"
02-oct-2014,"884,5","885,1","885,3","885,2","884,7","884,9","884,9",885,"885,4","886,1","886,7","887,7","888,5","888,9",889,"888,8","888,5","887,9","887,6","887,6",888,"888,4","888,7","888,9",0,0,0,"0,2",0,0,0,0,0,0,0,0,0,0,0,0,0,0,0,0,0,0,0,0,"884,5","885,1","885,4","885,4","885,2","884,9",885,885,"885,4","886,1","886,7","887,7","888,5","888,9","889,1","888,9","888,8","888,5",888,"887,6",888,"888,4","888,7","888,9",884,"884,5","885,1","885,1","884,7","884,7","884,9","884,8","884,9","885,4","886,1","886,7","887,6","888,4","888,9","888,8","888,5","887,9","887,5","887,5","887,5",888,"888,3","888,7"
03-oct-2014,"889,6",890,"889,5","889,5","889,5","889,1","888,9","888,6","889,2","889,7","890,3",891,"891,5","891,6","891,4","890,8","890,4","889,6",889,"888,9","888,8","889,2","889,3",890,0,0,0,0,0,0,0,0,0,0,0,0,0,0,0,0,0,0,0,0,0,0,0,0,"889,6",890,890,"889,6","889,6","889,6","889,3","888,9","889,2","889,8","890,3",891,"891,6","891,7","891,8","891,4","890,9","890,4","889,6",889,889,"889,2","889,3",890,"888,9","889,6","889,5","889,4","889,4",889,"888,8","888,5","888,5","889,2","889,7","890,3",891,"891,5","891,4","890,8","890,4","889,6","888,9","888,8","888,8","888,9",889,"889,3"
04-oct-2014,"890,4","890,4","890,1","889,7","888,9","888,2","887,6","887,5","887,3","888,5","888,8","889,5","889,6","889,3",889,"888,5","887,6",887,"886,4","885,8","885,6","885,9","886,3","887,2",0,0,0,0,0,0,0,0,0,0,0,0,0,0,0,0,0,0,0,0,0,0,0,0,"890,4","890,6","890,4","890,2","889,7","888,9","888,2","887,6","887,5","888,5","888,8","889,5","889,7","889,7","889,4","889,2","888,6","887,6",887,"886,4","885,8","885,9","886,3","887,2","889,9","890,3",890,"889,7","888,9","888,1","887,5","887,3","887,2","887,3","888,5","888,8","889,5","889,3","888,9","888,5","887,6",887,"886,4","885,7","885,5","885,6","885,9","886,3"
05-oct-2014,"887,6","887,4","887,2","887,2",887,"886,5",886,"886,5",NULL,NULL,NULL,"888,2","888,7","888,7","888,3","888,1","887,6","886,9","886,2",886,"885,9","885,9","885,8",886,0,0,0,0,0,0,0,0,NULL,NULL,NULL,0,0,0,0,0,0,0,0,0,0,0,0,0,"887,6","887,6","887,6","887,2","887,2","887,1","886,5","886,6",NULL,NULL,NULL,"888,4","888,8","888,8","888,7","888,4","888,1","887,7",887,"886,2","886,1",886,"885,9","886,1","887,1","887,3","887,2","887,1","886,8","886,5",886,"885,9",NULL,NULL,NULL,"887,7","888,1","888,6","888,3",888,"887,6","886,9","886,2","885,9","885,9","885,8","885,8","885,8"
06-oct-2014,"886,6",887,"886,7",887,"886,5","885,9","885,5","885,1","885,4","885,8",886,"886,8","886,9","886,9","887,1","886,7","886,1","885,4","884,6","884,7",885,"885,4","885,4","885,2",0,0,0,0,0,0,0,0,0,0,0,0,0,0,0,0,0,0,0,0,0,0,0,0,"886,7","887,1",887,"887,1","887,1","886,5",886,"885,5","885,4","885,9","886,1","886,8","886,9","887,1","887,2","887,1","886,7","886,1","885,4","884,7",885,"885,5","885,6","885,4","886,1","886,6","886,7","886,7","886,5","885,9","885,5","885,1",885,"885,4","885,7",886,"886,7","886,8","886,9","886,6",886,"885,4","884,5","884,5","884,6","884,9","885,3","885,2"
07-oct-2014,"884,6","883,5",884,"883,8",883,883,"882,9","883,1","883,6",884,"884,3","885,1","885,4","885,6","885,2","884,6","883,9","883,1","882,7","882,5","882,4","882,5","882,7","883,1",0,0,"0,2",0,0,0,0,0,0,0,0,0,0,0,0,0,0,0,0,0,0,0,0,0,"885,2","884,6","884,3","884,1","883,8","883,2",883,"883,1","883,6",884,"884,3","885,1","885,4","885,6","885,6","885,2","884,7","883,9","883,1","882,7","882,5","882,5","882,7","883,1","884,6","883,3","883,1","883,6",883,"882,9","882,8","882,8","883,1","883,6",884,"884,3","885,1","885,4","885,2","884,6","883,9","883,1","882,7","882,5","882,4","882,4","882,5","882,7"
08-oct-2014,"883,4","883,6","883,3","883,1","882,7",882,"881,5","881,5","881,7","882,2","882,9","883,4","883,8","883,9","883,7","883,1","882,1","881,3","880,7","880,3","880,4","880,6","880,7","881,2",0,0,0,0,0,0,0,0,0,0,0,0,0,0,0,0,0,0,0,0,0,0,0,0,"883,4","883,6","883,6","883,3","883,1","882,7",882,"881,5","881,7","882,3","882,9","883,4","883,8","883,9",884,"883,7","883,1","882,1","881,3","880,7","880,4","880,6","880,7","881,2","883,1","883,4","883,3","883,1","882,7",882,"881,5","881,4","881,5","881,7","882,2","882,9","883,4","883,8","883,7",883,"882,1","881,3","880,6","880,3","880,3","880,3","880,6","880,7"
09-oct-2014,"881,3","881,5","881,5","881,3","881,1","880,6","880,1","879,9","879,9","879,9","880,2","880,6","881,3",882,"881,9","881,2","880,1","879,7","879,3",879,"878,9","879,3","879,8","880,3",0,0,0,0,0,0,0,0,0,0,0,0,0,0,0,0,0,0,0,0,0,0,0,0,"881,3","881,6","881,7","881,5","881,3","881,1","880,6","880,1",880,880,"880,4","880,6","881,4",882,"882,2","881,9","881,2","880,2","879,7","879,4","879,1","879,3","879,8","880,4","881,1","881,3","881,5","881,2","881,1","880,6","880,1","879,8","879,8","879,8","879,9","880,2","880,6","881,3","881,8","881,2","880,1","879,7","879,3",879,"878,9","878,9","879,3","879,9"
10-oct-2014,"880,8",881,"881,1",881,"880,8","880,3","879,8","879,4","879,6","880,4",881,NULL,"882,3","882,4","882,2","881,9","881,4","881,1","880,5","880,4","880,7","881,2","881,5","881,9",0,0,0,0,0,0,0,0,0,0,0,NULL,0,0,0,0,0,0,0,0,0,0,0,0,"880,8",881,"881,2","881,2",881,"880,8","880,4","879,8","879,6","880,4",881,NULL,"882,3","882,4","882,5","882,2","881,9","881,5","881,1","880,5","880,7","881,2","881,6",882,"880,3","880,8",881,881,"880,8","880,3","879,8","879,4","879,4","879,6","880,4",NULL,"881,8","882,3","882,2","881,9","881,4","881,1","880,5","880,3","880,5","880,7","881,2","881,5"
11-oct-2014,"882,5","882,9","882,7","882,7","882,3",NULL,"881,9",NULL,NULL,NULL,NULL,"884,1","884,5","884,3","883,9","883,7","883,3","883,4","882,4",882,"882,3","882,3","882,6","882,8",0,0,0,0,0,NULL,0,NULL,NULL,NULL,NULL,0,0,0,0,0,0,"0,4","0,2",0,0,0,0,0,"882,5","882,9","882,9","882,8","882,7",NULL,"882,1",NULL,NULL,NULL,NULL,"884,1","884,5","884,5","884,3",884,"883,6","883,4","883,4","882,4","882,3","882,4","882,6","882,8",882,"882,5","882,7","882,6","882,3",NULL,"881,9",NULL,NULL,NULL,NULL,"883,6","884,2","884,3","883,9","883,6","883,3","883,2","882,4",882,882,"882,2","882,3","882,5"
12-oct-2014,"883,1","883,6","883,5","883,1","882,7","882,9","882,8","882,6","882,9","883,4",884,"884,5","884,7","884,8","884,7",884,"883,4","882,5","881,8","881,4","881,5","881,7","882,1","882,6",0,0,0,0,0,0,0,0,0,0,0,0,0,0,0,0,0,0,0,0,0,0,0,0,"883,1","883,6","883,7","883,5","883,1","882,9","882,9","882,8","882,9","883,4",884,"884,5","884,7","884,8","884,8","884,7",884,"883,4","882,5","881,8","881,5","881,7","882,1","882,6","882,7","883,1","883,5","883,1","882,7","882,7","882,7","882,6","882,6","882,9","883,4",884,"884,5","884,7","884,7",884,"883,4","882,5","881,8","881,4","881,3","881,5","881,7","882,1"
13-oct-2014,883,"882,9","882,8","882,4","882,1","882,1","881,6",882,"882,4","882,6",883,"883,6","883,9","883,6","883,1","882,6","881,9","880,8","880,2","879,7","880,3","880,4","880,3","880,5",0,0,0,0,0,0,0,0,0,0,0,0,0,0,0,0,0,0,0,0,0,0,0,0,883,883,"882,9","882,8","882,5","882,2","882,1",882,"882,4","882,6",883,"883,6","883,9","883,9","883,6","883,2","882,6","881,9","880,8","880,2","880,3","880,4","880,5","880,5","882,6","882,8","882,7","882,4","882,1",882,"881,6","881,6",882,"882,3","882,5",883,"883,6","883,6","883,1","882,6","881,9","880,8","880,1","879,7","879,5","880,2","880,3","880,2"
14-oct-2014,"880,9","881,2","881,4","881,2","880,8","880,8","880,6","880,3","880,8","881,3","881,9","882,5","882,9","883,1",883,"882,7","882,1","881,6","880,9","880,5","881,1","881,4","881,8","882,2",0,0,0,0,0,0,0,0,0,0,0,0,0,0,0,0,0,0,0,0,0,0,0,0,"880,9","881,2","881,5","881,4","881,2","880,8","880,8","880,6","880,8","881,3","881,9","882,5","882,9","883,1","883,2",883,"882,7","882,1","881,6","880,9","881,1","881,4","881,8","882,2","880,5","880,9",881,"881,1","880,7","880,6","880,4","880,2","880,3","880,8","881,3","881,9","882,5","882,9",883,"882,6","882,1","881,5","880,9","880,5","880,5","881,1","881,4","881,8"
15-oct-2014,"883,3","883,9","884,1",884,"883,7","883,4","882,9","883,4","883,6","883,9","884,6","885,2","885,3","885,6","885,4",885,"884,4","883,8","883,6","883,1","883,2","883,5","883,8","883,8",0,0,0,0,0,0,0,0,0,0,0,0,0,0,0,0,0,0,0,0,0,0,0,0,"883,3","884,1","884,1","884,1",884,"883,6","883,4","883,4","883,6","883,9","884,7","885,3","885,4","885,6","885,6","885,4",885,"884,4","883,8","883,6","883,3","883,5","883,8",884,"882,2","883,3","883,9","883,9","883,7","883,4","882,9","882,9","883,4","883,6","883,9","884,6","885,2","885,3","885,3",885,"884,4","883,8","883,5","883,1","883,1","883,2","883,5","883,6"
16-oct-2014,"884,4","884,9","884,7","884,5","883,9","883,5","882,9","883,2",883,"883,7",884,"883,4","883,1",883,"882,5","882,4","881,8","881,2","880,6","880,1","880,5","881,3","882,1","882,7",0,0,0,0,0,0,0,0,0,0,0,0,0,0,0,0,0,0,0,0,0,0,0,0,"884,5","884,9",885,"884,7","884,5",884,"883,5","883,3","883,2","883,8",884,884,"883,3","883,1",883,"882,6","882,4","881,8","881,3","880,7","880,5","881,3","882,1","882,7","883,8","884,4","884,6","884,4","883,9","883,5","882,9","882,9","882,9",883,"883,5","883,4",883,883,"882,5","882,3","881,8","881,2","880,6",880,"880,1","880,5","881,3","882,1"
17-oct-2014,"883,2","883,2","883,3","883,1","882,8","882,4","881,6","881,2","880,7","880,4",881,882,"882,3","882,2","881,7","880,7","880,1","879,6","879,1","879,7","880,8",881,"881,9","882,3",0,0,0,0,0,0,0,0,0,0,0,0,0,0,0,0,0,0,0,0,0,0,0,0,"883,3","883,3","883,5","883,4",883,"882,8","882,4","881,6","881,2","880,8",881,882,"882,3","882,3","882,2","881,7","880,7","880,1","879,6","879,7",881,881,882,"882,4","882,7","883,1","883,2","883,1","882,8","882,4","881,6","881,2","880,7","880,3","880,3",881,882,882,"881,7","880,7","880,1","879,6",879,"878,3","879,7","880,4",881,"881,9"
18-oct-2014,"882,4","882,6","881,9","881,4","880,6","880,5","879,7",879,"879,6","879,7","882,9","884,6","883,3","882,6","881,6","880,8","880,2","879,4","879,5","878,6",879,"879,4","879,2","879,7",0,0,0,0,0,0,0,0,0,0,0,"1,6","2,6","10,8","1,8",0,0,0,0,0,0,0,0,0,"882,8","883,1","882,6","881,9","881,4","880,7","880,5","879,8","879,6","879,7","882,9","884,8","884,6","885,3","882,8","881,6","880,8","880,2","879,8","879,5","879,1","879,4","879,5","879,7","882,2","882,4","881,9","881,4","880,6","880,4","879,7",879,"878,9","879,5","879,7","882,9","883,2","882,5","881,2","880,7","880,2","879,4","879,1","878,6","878,5","878,9","879,2","879,2"
19-oct-2014,"879,7","879,8","880,4","880,3","879,3","878,5","878,6","878,6","878,6","879,1","879,4","879,8","879,4","879,2","878,9","878,7","880,4","880,7",881,"882,1","880,7","880,8","880,5","880,7",0,0,0,0,0,0,0,0,0,0,0,0,0,0,0,0,"9,2","0,4","0,6","1,6","1,4","0,2",0,0,"879,8","879,9","880,4","880,6","880,3","879,3","878,8","878,6","878,8","879,1","879,4","879,8","879,8","879,5","879,3","879,2","881,6","881,1","881,3","882,1","882,1","880,8","880,9","880,7","879,6","879,6","879,8","880,3","879,3","878,3","878,5","878,4","878,5","878,6","879,1","879,3","879,2","879,2","878,9","878,7","878,7","880,3","880,5","880,9","880,6","880,3","880,5","880,1"
20-oct-2014,881,"881,4","881,2","880,8","880,2","879,6","879,6","881,8","882,2","881,3","881,8","882,5","883,1","883,5","883,5","883,7","883,3",883,"882,6","882,4","882,5","882,6","882,6","882,8",0,"0,2",0,0,0,0,0,0,"0,2","0,2",0,0,0,0,0,0,0,0,0,0,0,0,0,0,881,"881,4","881,5","881,2","880,8","880,4","879,8","881,8","882,2","882,2","881,8","882,6","883,2","883,6","883,8",884,"883,7","883,3",883,"882,6","882,6","882,6","882,7","882,8","880,6",881,"881,2","880,7","880,1","879,6","879,4","879,3","881,3","880,8","881,3","881,8","882,4","883,1","883,4","883,5","883,2",883,"882,6","882,3","882,4","882,4","882,5","882,5"
21-oct-2014,"883,3","883,6","883,6","883,4","883,3",883,883,"883,3","883,9","884,2",885,"885,5","886,1","886,2","886,1","886,5",886,"885,2","884,6","884,2","884,4","884,8","884,9","885,1",0,0,0,0,0,0,0,0,0,0,0,"0,2",0,0,0,0,0,0,0,0,0,0,0,0,"883,3","883,8","883,8","883,6","883,5","883,3",883,"883,4",884,"884,2",885,"885,6","886,1","886,2","886,3","886,5","886,6",886,"885,3","884,7","884,4","884,8",885,"885,2","882,8","883,3","883,6","883,3","883,3",883,"882,6","882,9","883,3","883,9","884,2",885,"885,5","886,1","886,1",886,886,"885,2","884,6","884,2","884,2","884,4","884,8","884,9"
22-oct-2014,"885,5","885,7","885,6","885,4","885,1","884,8","884,2","884,2","884,7","885,1","885,8","886,3","886,5","886,7","886,6","886,1","885,5","884,8","884,5","884,3","884,4","884,6","884,7",885,0,0,0,0,0,0,0,0,0,0,0,0,0,0,0,0,0,0,0,0,0,0,0,0,"885,5","885,7","885,7","885,6","885,4","885,1","884,8","884,2","884,8","885,2","885,8","886,4","886,6","886,7","886,7","886,6","886,1","885,5","884,8","884,5","884,4","884,6","884,7",885,"885,1","885,5","885,5","885,3","885,1","884,8","884,2","884,1","884,2","884,7","885,1","885,8","886,3","886,5","886,6","886,1","885,5","884,8","884,5","884,3","884,2","884,4","884,6","884,7"
23-oct-2014,"885,4","885,8","885,6","885,4","884,8","884,2","883,6","883,7","884,1","884,4","885,1","885,6",886,"885,8","885,5","884,7","883,7","882,6","881,9","881,3",881,"881,3","881,5","882,2",0,0,0,0,0,0,0,0,0,0,0,0,0,0,0,0,0,0,0,0,0,0,0,0,"885,4","885,8","885,8","885,7","885,4","884,8","884,2","883,7","884,1","884,4","885,1","885,7",886,"886,1","885,9","885,5","884,7","883,7","882,6","881,9","881,3","881,3","881,5","882,2",885,"885,4","885,6","885,4","884,8","884,2","883,6","883,5","883,7","884,1","884,4","885,1","885,6","885,8","885,5","884,6","883,7","882,6","881,9","881,3","880,9","880,9","881,3","881,5"
24-oct-2014,"882,7","882,7","882,6","882,1","881,9","881,8","881,1","880,7","880,8","881,8","882,3","882,9","883,2","883,2","883,3",883,"882,4","881,4","880,6","880,1","879,9","880,1","879,8","880,2",0,0,0,0,0,0,0,0,0,0,0,0,0,0,0,0,0,0,0,0,0,0,0,0,"882,7","882,9","882,8","882,7","882,1",882,"881,9","881,1",881,"881,8","882,3","882,9","883,2","883,3","883,4","883,3",883,"882,4","881,4","880,7","880,1","880,2","880,1","880,2","882,2","882,7","882,6","882,1","881,9","881,8",881,"880,7","880,7","880,8","881,8","882,2","882,9","883,1","883,2",883,"882,4","881,3","880,6",880,"879,7","879,7","879,8","879,8"
25-oct-2014,"880,8",881,"881,2","880,8","880,2","879,9","879,4","879,4",880,"880,4","880,8","881,4","881,8","882,1","882,1","881,6","880,8","880,1","879,4","879,3","879,1","879,4","879,7","880,1",0,0,0,0,0,0,0,0,0,0,0,0,0,0,"0,2",0,0,0,0,"1,2","1,8",0,0,0,"880,8","881,1","881,2","881,2","880,9","880,3","879,9","879,4",880,"880,5","880,8","881,4","881,8","882,1","882,1","882,1","881,6","880,8","880,2","879,4","879,3","879,5","879,9","880,1","880,2","880,8",881,"880,8","880,2","879,9","879,4","879,2","879,4",880,"880,3","880,8","881,4","881,8",882,"881,6","880,8","880,1","879,4","879,1","878,8","879,1","879,3","879,6"
26-oct-2014,"880,4","880,8",881,"880,6","880,1","879,5","879,2","879,4","879,4","880,5","881,3","881,6","881,8",882,"881,9","881,6","881,2","880,7","880,1","879,5","879,6","879,8","880,2","880,8","0,4","0,2",0,0,0,0,0,0,0,0,0,0,0,0,0,0,0,0,0,0,0,0,0,0,"880,4","880,8",881,"881,1","880,6","880,2","879,5","879,4","879,4","880,6","881,3","881,6","881,8",882,"882,1","881,9","881,6","881,2","880,7","880,1","879,6","879,8","880,3","880,8",880,"880,4","880,8","880,6","880,1","879,5","879,2","879,2","879,2","879,4","880,5","881,3","881,5","881,7","881,7","881,5","881,2","880,5","880,1","879,5","879,4","879,5","879,8","880,2"
27-oct-2014,"881,4",NULL,NULL,NULL,NULL,NULL,NULL,NULL,NULL,NULL,NULL,NULL,NULL,"883,9","883,8","883,8","883,2","882,6","881,9","881,6","881,6","881,9","882,1","882,3",0,NULL,NULL,NULL,NULL,NULL,NULL,NULL,NULL,NULL,NULL,NULL,NULL,0,0,0,0,0,0,0,0,0,0,0,"881,4",NULL,NULL,NULL,NULL,NULL,NULL,NULL,NULL,NULL,NULL,NULL,NULL,"883,9",884,"883,9","883,8","883,2","882,6","881,9","881,7","881,9","882,1","882,3","880,7",NULL,NULL,NULL,NULL,NULL,NULL,NULL,NULL,NULL,NULL,NULL,NULL,"883,8","883,8","883,8","883,2","882,6","881,9","881,5","881,5","881,6","881,9",882
28-oct-2014,"882,7","883,1","883,4","883,5","883,3","882,8","882,9","883,2","883,2","883,8","884,4","885,2","885,1","884,7","884,1","883,3","882,4","881,4","880,8","880,2",880,880,880,"880,2",0,0,0,0,0,0,0,0,0,0,0,0,0,0,0,0,0,0,0,0,0,0,0,0,"882,7","883,1","883,4","883,5","883,5","883,4","882,9","883,2","883,3","883,8","884,4","885,2","885,2","885,2","884,7","884,1","883,3","882,4","881,4","880,7","880,2","880,1","880,1","880,2","882,3","882,7","883,1","883,2","883,3","882,8","882,7","882,9","883,2","883,2","883,8","884,4","885,1","884,7","884,1","883,3","882,4","881,4","880,7","880,2",880,880,"879,9",880
29-oct-2014,"880,1","880,2","879,9","879,5","879,2","878,6","878,4","878,3","878,4","878,9","879,3","879,7","879,9","879,5","879,5",879,"878,4","877,4","876,8","876,2",876,"876,2","876,4","876,7",0,0,0,0,0,0,0,0,0,0,0,0,0,0,0,0,0,0,0,0,0,0,0,0,"880,2","880,3","880,3","879,9","879,5","879,2","878,6","878,4","878,4",879,"879,4","879,8",880,"879,9","879,8","879,5",879,"878,4","877,4","876,8","876,2","876,2","876,4","876,8","880,1","880,1","879,9","879,5","879,2","878,6","878,3","878,2","878,2","878,3","878,9","879,3","879,7","879,5","879,5",879,"878,4","877,4","876,8","876,2",876,876,"876,2","876,4"
30-oct-2014,877,"877,3",877,"876,7","876,3","875,9","875,9","876,5","876,5",877,"877,5","877,6","877,9","877,4","877,3","876,8","876,4","876,3",876,"876,5","876,6","877,3","879,2","878,2",0,0,0,0,0,0,0,0,0,0,0,0,0,0,0,0,0,0,0,0,0,0,8,"0,8","877,1","877,4","877,3",877,"876,7","876,3","875,9","876,5","876,6",877,"877,5","877,7","877,9","877,9","877,5","877,4","876,8","876,6","876,3","876,5","876,8","877,3","879,8","879,2","876,7",877,877,"876,7","876,3","875,8","875,7","875,8","876,3","876,5",877,"877,5","877,5","877,4","877,3","876,7","876,3","876,3","875,7","875,7","876,5","876,6","877,3","878,2"
31-oct-2014,"877,9","877,3",878,"878,1","878,4","878,3","878,4","878,7","878,8","879,3","880,1","880,3","880,4","880,7","880,4","879,9","879,8","879,2","878,9","878,6","878,7","879,4","879,5","880,3","0,2",0,0,0,0,0,0,0,0,0,0,0,0,0,0,0,0,0,"3,4",0,0,0,0,0,"878,2","878,1",878,"878,2","878,4","878,5","878,5","878,7","878,8","879,3","880,1","880,3","880,4","880,8","880,8","880,4","879,9","879,8","879,3","878,9","878,8","879,4","879,6","880,3","877,8","876,8","877,3","877,9","877,9","878,3","878,2","878,1","878,7","878,8","879,3","880,1","880,2","880,3","880,4","879,8","879,7","879,2","878,9","878,5","878,6","878,7","879,3","879,5"
01-nov-2014,"881,2","881,5","881,7","881,1","880,8","880,8","880,7","880,6","880,5","881,3","881,9","882,2","882,8","882,3","882,9","883,3","882,8",882,"881,3",881,"881,3","881,6","882,1","882,9",0,0,0,0,0,0,0,0,"0,2",0,0,0,0,0,0,0,0,0,0,0,0,0,"6,4",0,"881,2","881,7","881,8","881,7","881,1","880,9","880,8","880,9","880,7","881,3",882,"882,2","882,8","882,8","882,9","883,3","883,3","882,8",882,"881,3","881,3","881,6","882,2","883,3","880,3","881,2","881,4","881,1","880,8","880,7","880,7","880,6","880,4","880,5","881,3","881,8","882,2","882,3","882,2","882,9","882,8",882,"881,3",881,"880,8","881,3","881,6","882,1"
02-nov-2014,"883,9","883,7","883,8","883,3","883,3","882,5","882,3","882,4","882,7","882,6","883,1","883,8","884,1","884,2","883,9","883,6","882,6","881,6","880,8","880,3","880,7","880,8","881,9",882,0,0,0,0,0,0,0,0,0,0,0,0,0,0,0,0,0,0,0,0,0,0,0,"0,2",884,"883,9","884,1","883,8","883,4","883,3","882,7","882,4","882,7","882,7","883,1","883,8","884,1","884,2","884,2","883,9","883,6","882,7","881,6","880,8","880,8","880,8","881,9","882,1","882,7","883,6","883,7","883,3","883,1","882,5","882,2","882,1","882,2","882,5","882,6","883,1","883,8",884,"883,8","883,6","882,6","881,6","880,8","880,2","880,2","880,6","880,7","881,8"
03-nov-2014,"882,4","882,2","881,1","879,9",880,"879,3","878,8","879,5","880,5","880,8","881,2","881,1","880,8","880,3","879,9","879,4","879,2","878,4","877,6","876,5","876,2","876,5","876,6",877,"0,2",0,0,0,0,0,0,0,0,"1,4",0,0,0,0,0,0,"0,2",0,0,0,0,0,0,0,"882,5","882,6","882,3","881,1","880,3",880,"879,4","879,5","880,5","880,8","881,2","881,4","881,1","880,8","880,3","879,9","879,5","879,2","878,4","877,6","876,5","876,5","876,8",877,"881,9","882,2","881,1","879,9","879,7","879,3","878,8","878,7","879,5","880,4","880,8","881,1","880,8","880,3","879,9","879,4","879,2","878,4","877,6","876,5","876,2","876,2","876,5","876,6"
04-nov-2014,"877,8","878,6","879,2","878,9","878,1","877,3","876,7","876,9","876,8","877,6","878,2","878,8","879,3","879,1","878,1","878,1","877,9","876,7","876,6","876,7","876,7","877,5","877,9","878,2",0,0,0,0,0,0,0,0,0,0,0,0,0,0,0,0,"30,8","2,4",0,0,0,0,0,"0,8","877,8","878,7","879,4","879,2","878,9","878,1","877,3","876,9",877,"877,6","878,2","878,8","879,3","879,5","879,1","878,4","878,3","877,9","876,8","876,8","876,8","877,5",878,"878,4",877,"877,8","878,6","878,9","878,1","877,2","876,7","876,6","876,7","876,8","877,6","878,1","878,8","879,1","878,1","877,9","877,9","876,7","876,3","876,5","876,6","876,7","877,5","877,9"
05-nov-2014,"878,5","879,6","879,5","879,5","879,5","879,1","879,1","879,4","879,6","880,4","881,3",882,"882,6","882,9","882,7","882,1","881,7","880,9","880,7","880,4","880,6","880,6","881,8","882,5",0,0,0,0,"0,2",0,0,0,0,0,0,0,0,0,0,0,0,0,0,0,0,0,0,0,"878,6","879,6","879,9","879,6","879,6","879,5","879,2","879,4","879,6","880,4","881,3",882,"882,6",883,883,"882,7","882,1","881,7",881,"880,7","880,6","880,7","881,8","882,5","878,1","878,5","879,5","879,4","879,4","879,1","878,8","879,1","879,3","879,6","880,4","881,3",882,"882,6","882,7","882,1","881,7","880,9","880,6","880,4","880,4","880,5","880,6","881,8"
06-nov-2014,883,"883,8",884,"884,1","883,4","883,1","882,9","883,2","883,4",884,"884,9","885,5","885,8","885,5",885,"884,3","883,8","882,7","881,8","880,8","880,4","881,4","880,6",881,0,0,"0,2",0,0,0,0,0,0,0,0,0,0,0,0,0,0,0,0,0,0,14,"25,8",0,883,"883,8","884,1","884,1","884,1","883,5","883,1","883,2","883,4",884,"884,9","885,5","885,8","885,9","885,5",885,"884,3","883,8","882,8","881,8","880,9","881,4","882,1","881,1","882,4",883,"883,6","883,9","883,4","883,1","882,8","882,9","883,2","883,4",884,"884,9","885,5","885,5",885,"884,3","883,8","882,7","881,8","880,6","880,2","880,4","880,6","880,1"
07-nov-2014,"881,1","881,8","882,9","884,4","884,4","883,2","880,8","879,6","878,1","879,2","880,3","880,5","881,1","881,5","880,8","881,7","880,3","880,2","880,3","880,2",879,"879,1","879,4","878,6",0,0,0,"12,2","5,6","2,2","0,4",0,0,0,"0,2","2,4",0,"0,6","0,4","0,8","1,4","10,8","2,2",3,"1,4",0,0,0,"881,3","881,9",883,"885,2","884,6","884,4","883,2",881,"879,7","879,3","880,3","882,1","881,1","881,6","881,5","881,7","881,7","881,4","880,4","880,3","880,4","879,2","879,5","879,4","880,4",881,"881,1","882,1","884,1","882,8","880,8","879,5","877,9",878,"878,6","880,3","880,3","880,4","880,8","880,4","879,8","880,1","879,8","879,5","878,9","878,3","879,1","878,5"
08-nov-2014,"878,9",NULL,"878,6","878,9",NULL,NULL,NULL,NULL,NULL,NULL,NULL,879,"879,5","879,6","879,7","879,4",879,"878,4","878,3","878,1","878,3","878,3","878,7","879,2",0,NULL,0,0,NULL,NULL,NULL,NULL,NULL,NULL,NULL,0,0,0,0,0,0,0,0,0,0,0,0,0,"879,1",NULL,"878,8",879,NULL,NULL,NULL,NULL,NULL,NULL,NULL,879,"879,5","879,7","879,8","879,8","879,4",879,"878,5","878,3","878,3","878,4","878,7","879,2","878,6",NULL,"878,5","878,6",NULL,NULL,NULL,NULL,NULL,NULL,NULL,"878,3","878,9","879,5","879,5","879,4",879,"878,3","878,2","878,1","877,8",878,"878,2","878,7"
09-nov-2014,"879,5","880,3","880,4","880,1",880,"879,7","879,6",880,"880,2",881,"881,4","881,8","882,3","882,1",882,"882,1","881,3","881,1","880,4","879,8","879,4","879,4","879,9","880,4",0,0,"0,2",0,0,0,0,0,0,0,0,0,0,0,0,0,0,0,0,0,0,0,0,0,"879,6","880,3","880,7","880,5","880,3","880,1","879,7","880,1","880,3",881,"881,4","881,9","882,3","882,3","882,2","882,1","882,1","881,4","881,1","880,4","879,8","879,4","879,9","880,5","878,9","879,5","880,3","880,1",880,"879,7","879,5","879,6",880,"880,2",881,"881,4","881,8","882,1",882,"881,9","881,3","881,1","880,4","879,7","879,4","879,3","879,4","879,9"
10-nov-2014,"880,3","880,5","880,3","879,8",NULL,NULL,NULL,NULL,NULL,NULL,NULL,NULL,"881,9","881,9","881,7","881,5",881,"880,5",880,"879,7","879,3","879,6","879,8","879,9",0,0,0,0,NULL,NULL,NULL,NULL,NULL,NULL,NULL,NULL,0,0,0,0,0,0,0,0,0,0,0,0,"880,5","880,5","880,6","880,3",NULL,NULL,NULL,NULL,NULL,NULL,NULL,NULL,"881,9","882,1","881,9","881,7","881,5",881,"880,5",880,"879,7","879,6","879,8","879,9","880,3","880,3","880,2","879,7",NULL,NULL,NULL,NULL,NULL,NULL,NULL,NULL,"881,8","881,8","881,7","881,5",881,"880,5",880,"879,7","879,3","879,3","879,5","879,7"
11-nov-2014,880,880,"880,1","880,2","879,6","879,3","878,9","878,9","879,3","879,3","879,9",880,"879,8","879,8","879,5",879,"878,4","877,7","877,6","877,1",877,"877,1","876,7","876,9",0,0,0,0,0,0,0,0,0,0,0,0,0,0,0,0,0,0,0,0,0,0,0,0,880,880,"880,2","880,3","880,2","879,6","879,4","879,1","879,3","879,3","879,9",880,880,"879,9","879,9","879,5",879,"878,4","877,7","877,7","877,1","877,3",877,"876,9","879,9","879,8",880,880,"879,6","879,3","878,9","878,8","878,9",879,"879,2","879,8","879,8","879,7","879,5",879,"878,3","877,7","877,5","877,1","876,9",877,"876,6","876,7"
12-nov-2014,"877,4","877,8","877,5","877,1",876,"875,4","876,5",876,"876,7",876,"876,3","876,1","876,2","875,5","875,5",875,"875,2","874,6","874,3",874,"874,2","874,3","874,3","874,7",0,0,0,0,"0,2",0,0,0,"0,4",0,0,0,0,0,0,0,0,0,0,0,0,0,0,0,"877,5",878,"877,9","877,5","877,1","876,1","876,5","876,6","876,8","876,8","876,3","876,3","876,5","876,2","875,5","875,5","875,2","875,2","874,6","874,3","874,2","874,3","874,3","874,7","876,8","877,4","877,5","877,1","875,9","875,1","875,4",876,876,"875,7","875,8",876,876,"875,5","875,3",875,875,"874,5","874,3",874,874,"874,1",874,"874,3"
13-nov-2014,"875,4","875,9","876,1","875,6","875,3",875,"874,7","874,4","874,9","875,7","876,6","876,9","877,4","877,5","877,1","876,9","876,5","875,8","875,2","875,1","875,3","875,7","876,1",877,0,0,0,0,0,0,"0,2",0,0,0,0,0,0,0,0,0,0,0,0,0,0,0,"0,2",0,"875,5","875,9","876,1","876,1","875,6","875,3",875,"874,7","874,9","875,7","876,6","876,9","877,4","877,5","877,5","877,2",877,"876,5","875,8","875,2","875,3","875,7","876,1",877,"874,7","875,4","875,9","875,6","875,3",875,"874,6","874,4","874,4","874,9","875,7","876,5","876,8","877,3","877,1","876,9","876,5","875,8","875,2","875,1","875,1","875,3","875,6","876,1"
14-nov-2014,"877,8","878,6","878,9","878,8","878,3","877,9","877,7","878,2","878,9","879,3","879,7","880,5","880,8","880,8","879,9","880,7","880,7","880,3","880,1","879,8",880,"880,1","880,9","881,2",0,0,0,0,0,0,0,0,0,0,0,0,0,"1,6","0,4",0,0,0,0,0,0,0,0,0,"877,8","878,6",879,"878,9","878,8","878,4","877,9","878,2","878,9","879,3","879,7","880,5","880,8","880,9","880,9","880,7","880,8","880,8","880,3","880,1",880,"880,3","880,9","881,3",877,"877,8","878,6","878,7","878,3","877,9","877,6","877,5","878,2","878,9","879,2","879,7","880,4","880,4","879,9","879,8","880,6","880,3",880,"879,7","879,6",880,880,"880,6"
15-nov-2014,"881,6","882,5","882,4","881,9","881,8","881,4","881,4","881,6","881,8","882,5","883,1","883,8","884,1","884,2","884,1",884,"883,5","882,9","882,5","882,1","882,1","882,4","882,7","883,1",0,0,0,0,0,0,0,0,0,0,0,0,0,0,0,0,0,0,0,0,0,0,0,0,"881,6","882,5","882,5","882,5",882,"881,8","881,5","881,7",882,"882,5","883,2","883,8","884,1","884,3","884,2","884,1",884,"883,5","882,9","882,5","882,1","882,4","882,7","883,1","881,1","881,5","882,4","881,9","881,8","881,4","881,3","881,4","881,6","881,7","882,5","883,1","883,8","884,1",884,884,"883,5","882,9","882,4","882,1",882,"882,1","882,3","882,7"
16-nov-2014,"883,3","883,2","883,4","883,3","883,1","882,8","882,9","882,8","882,9",NULL,NULL,NULL,NULL,NULL,NULL,NULL,NULL,883,"882,6","882,3","882,3","882,6","882,8","882,9",0,0,0,0,0,0,0,0,"0,2",NULL,NULL,NULL,NULL,NULL,NULL,NULL,NULL,0,0,0,0,0,0,0,"883,4","883,4","883,5","883,4","883,3","883,1",883,"882,9",883,NULL,NULL,NULL,NULL,NULL,NULL,NULL,NULL,"883,8",883,"882,6","882,3","882,6","882,8",883,"883,1","883,2","883,2","883,2","883,1","882,8","882,8","882,7","882,8",NULL,NULL,NULL,NULL,NULL,NULL,NULL,NULL,883,"882,6","882,3","882,2","882,3","882,6","882,8"
17-nov-2014,"883,1","883,3","883,3",883,"882,5","881,9","881,8","882,1","882,4","883,1","883,5","883,8","883,9","884,1",884,"883,6","883,1","882,4","881,9","881,3","881,3","881,3","881,4","881,6",0,0,0,0,0,0,0,0,0,0,0,0,0,0,0,0,0,0,0,0,0,0,0,0,"883,1","883,3","883,4","883,3",883,"882,5","881,9","882,1","882,4","883,1","883,6","883,8",884,"884,1","884,2",884,"883,6","883,2","882,5","881,9","881,4","881,3","881,4","881,6","882,9","883,1","883,3",883,"882,5","881,9","881,8","881,7",882,"882,4","883,1","883,5","883,8","883,9",884,"883,6","883,1","882,4","881,9","881,3","881,2","881,2","881,3","881,4"
18-nov-2014,"882,1","882,3","882,1","881,7",881,"880,5","880,6","880,6",881,"881,7","882,5","882,9","882,7","882,4","882,2","881,8",881,"880,2","879,4",879,"878,6","878,8","879,2","879,5",0,0,0,0,0,0,0,0,0,0,0,0,0,0,0,0,0,0,0,0,0,0,0,0,"882,1","882,3","882,3","882,2","881,7",881,"880,6","880,7",881,"881,7","882,5",883,"882,9","882,7","882,5","882,3","881,8",881,"880,2","879,4",879,"878,8","879,2","879,5","881,6","882,1","882,1","881,7",881,"880,5","880,5","880,6","880,6","880,9","881,7","882,5","882,7","882,4","882,2","881,8",881,"880,2","879,3",879,"878,6","878,6","878,8","879,2"
19-nov-2014,"879,8","880,1","880,4","880,1","879,6","879,4","879,3","879,4","879,9","880,3",881,"881,3","881,4","881,1","880,8","880,6",880,"879,2",878,"877,5","878,3","878,3","879,1","879,4",0,0,0,0,0,0,0,0,0,0,0,0,0,0,0,0,0,0,0,0,0,0,0,0,"879,8","880,1","880,5","880,4","880,1","879,7","879,5","879,4",880,"880,5",881,"881,3","881,4","881,4","881,1","880,9","880,7","880,1","879,2",878,"878,3","878,6","879,1","879,5","879,5","879,8","880,1","880,1","879,6","879,3","879,2","879,3","879,3","879,9","880,3",881,"881,2","881,1","880,8","880,6",880,"879,2","877,9","877,4","877,3","878,2","878,3","879,1"
20-nov-2014,881,"881,4","881,7","881,2","880,6","880,3","879,4","879,4","879,5",880,"880,7","880,9","881,2","881,5","881,5","881,2","880,8","879,9","879,1",879,"879,2",NULL,NULL,NULL,1,"4,2","2,8","0,8",0,"0,2",0,0,0,0,0,0,0,0,0,0,0,0,0,0,0,NULL,NULL,NULL,881,"881,4","882,1","881,7","881,3","880,6","880,3","879,5","879,8",880,"880,7","880,9","881,2","881,6","881,7","881,5","881,2","880,8","879,9","879,1","879,2",NULL,NULL,NULL,"879,4",881,"881,4","881,2","880,6","880,2","879,4","879,1","879,4","879,5",880,"880,7","880,9","881,2","881,5","881,2","880,8","879,9","879,1","878,9","878,8",NULL,NULL,NULL
21-nov-2014,NULL,NULL,NULL,NULL,NULL,NULL,NULL,NULL,NULL,NULL,NULL,NULL,NULL,NULL,NULL,NULL,NULL,NULL,NULL,NULL,NULL,NULL,NULL,NULL,NULL,NULL,NULL,NULL,NULL,NULL,NULL,NULL,NULL,NULL,NULL,NULL,NULL,NULL,NULL,NULL,NULL,NULL,NULL,NULL,NULL,NULL,NULL,NULL,NULL,NULL,NULL,NULL,NULL,NULL,NULL,NULL,NULL,NULL,NULL,NULL,NULL,NULL,NULL,NULL,NULL,NULL,NULL,NULL,NULL,NULL,NULL,NULL,NULL,NULL,NULL,NULL,NULL,NULL,NULL,NULL,NULL,NULL,NULL,NULL,NULL,NULL,NULL,NULL,NULL,NULL,NULL,NULL,NULL,NULL,NULL,NULL
22-nov-2014,NULL,NULL,NULL,NULL,NULL,NULL,NULL,NULL,NULL,NULL,NULL,NULL,NULL,NULL,NULL,"879,9","880,1","879,3","878,6","878,1","878,1","878,4",NULL,NULL,NULL,NULL,NULL,NULL,NULL,NULL,NULL,NULL,NULL,NULL,NULL,NULL,NULL,NULL,NULL,0,0,0,0,0,0,0,NULL,NULL,NULL,NULL,NULL,NULL,NULL,NULL,NULL,NULL,NULL,NULL,NULL,NULL,NULL,NULL,NULL,"880,5","880,2","880,1","879,3","878,7","878,2","878,4",NULL,NULL,NULL,NULL,NULL,NULL,NULL,NULL,NULL,NULL,NULL,NULL,NULL,NULL,NULL,NULL,NULL,"879,9","879,9","879,2","878,6","878,1",878,"878,1",NULL,NULL
23-nov-2014,NULL,NULL,NULL,NULL,NULL,NULL,NULL,NULL,NULL,NULL,NULL,NULL,NULL,NULL,NULL,"881,2",881,880,"879,3",879,"878,8","878,9",879,"879,9",NULL,NULL,NULL,NULL,NULL,NULL,NULL,NULL,NULL,NULL,NULL,NULL,NULL,NULL,NULL,0,0,0,0,0,0,0,0,0,NULL,NULL,NULL,NULL,NULL,NULL,NULL,NULL,NULL,NULL,NULL,NULL,NULL,NULL,NULL,"881,4","881,2",881,880,"879,4",879,"878,9",879,"879,9",NULL,NULL,NULL,NULL,NULL,NULL,NULL,NULL,NULL,NULL,NULL,NULL,NULL,NULL,NULL,"881,1",881,880,"879,3",879,"878,8","878,6","878,8",879
24-nov-2014,"880,5","881,1","881,1",881,"880,6","880,4","880,3","880,3","880,4","881,1","881,3","881,8","882,1","882,4","882,7","882,4","881,7",881,"880,4","879,7","879,2","878,8","879,1","879,6","1,6",0,"3,6",13,"7,4","0,8","0,6","0,2",0,0,0,0,0,0,0,"0,2",0,0,0,0,0,0,0,0,"880,5","881,1","881,2","881,1","881,1","880,6","880,4","880,3","880,5","881,1","881,4","881,8","882,1","882,5","882,7","882,7","882,3","881,7",881,"880,4","879,7","879,2","879,1","879,6","879,8","880,5",881,"880,9","880,6","880,3","880,2","880,2","880,2","880,4","881,1","881,3","881,8","882,1","882,4","882,2","881,7",881,"880,4","879,7","879,2","878,8","878,8","879,1"
25-nov-2014,"879,8","879,9","880,1","880,1","879,6","879,5","878,8",NULL,NULL,NULL,NULL,NULL,NULL,NULL,NULL,NULL,NULL,NULL,NULL,NULL,NULL,NULL,NULL,NULL,0,0,0,0,0,0,"2,6",NULL,NULL,NULL,NULL,NULL,NULL,NULL,NULL,NULL,NULL,NULL,NULL,NULL,NULL,NULL,NULL,NULL,"879,9",880,"880,2","880,1","880,1","879,6","879,5",NULL,NULL,NULL,NULL,NULL,NULL,NULL,NULL,NULL,NULL,NULL,NULL,NULL,NULL,NULL,NULL,NULL,"879,5","879,6","879,8","879,8","879,4","879,2","878,7",NULL,NULL,NULL,NULL,NULL,NULL,NULL,NULL,NULL,NULL,NULL,NULL,NULL,NULL,NULL,NULL,NULL
26-nov-2014,NULL,NULL,NULL,NULL,NULL,NULL,NULL,NULL,NULL,NULL,NULL,NULL,NULL,NULL,NULL,NULL,"877,2","876,5","875,9","875,7","875,6","875,8","876,5","877,1",NULL,NULL,NULL,NULL,NULL,NULL,NULL,NULL,NULL,NULL,NULL,NULL,NULL,NULL,NULL,NULL,0,0,0,0,0,0,0,0,NULL,NULL,NULL,NULL,NULL,NULL,NULL,NULL,NULL,NULL,NULL,NULL,NULL,NULL,NULL,NULL,"877,5","877,2","876,5","875,9","875,7","875,8","876,5","877,1",NULL,NULL,NULL,NULL,NULL,NULL,NULL,NULL,NULL,NULL,NULL,NULL,NULL,NULL,NULL,NULL,"877,2","876,5","875,9","875,7","875,5","875,6","875,8","876,5"
27-nov-2014,"877,5","878,3","878,5","878,3","878,3",878,"878,1","878,4","878,7","879,4",880,"880,6","881,1",881,"881,1","880,6","879,9","879,5","880,2","878,4","878,4","878,4","878,7","879,6",0,0,0,0,0,0,0,0,0,0,0,0,0,0,0,0,0,0,0,"10,8",0,0,0,0,"877,5","878,3","878,5","878,5","878,4","878,4","878,1","878,4","878,7","879,4","880,1","880,6","881,1","881,2","881,1","881,1","880,6",880,"880,2","880,2","878,7","878,6","879,3","879,6","877,1","877,5","878,3","878,3","878,2",878,878,"877,9","878,3","878,7","879,4",880,"880,5","880,8",881,"880,5","879,8","879,5","879,2","878,4","878,3","878,3","878,4","878,7"
28-nov-2014,"880,3","880,8","880,7","880,7","880,5","880,4","880,4","880,4","880,8","881,7","882,3","882,7","883,3","883,6","883,7","883,3","882,9","882,6",882,"881,3",881,881,"881,6",882,0,0,0,0,0,0,0,0,0,0,0,0,0,0,0,0,0,0,0,0,0,0,0,0,"880,3","880,8",881,"880,9","880,7","880,6","880,5","880,5","880,8","881,7","882,3","882,8","883,3","883,6","883,8","883,7","883,3","882,9","882,6",882,"881,4","881,1","881,6",882,"879,6","880,2","880,7","880,6","880,4","880,4","880,4","880,3","880,4","880,8","881,7","882,3","882,7","883,3","883,6","883,3","882,9","882,6",882,"881,3","880,9","880,9","880,9","881,6"
29-nov-2014,"882,3","882,8","883,3","882,9","882,9","882,7","882,6","882,6",883,"883,5","883,8","884,3","884,3","884,3","883,9","883,4","882,7","882,1","881,4","880,8","880,6","880,7","881,2","881,2",0,0,0,0,0,0,0,0,0,0,0,0,0,0,0,0,0,0,0,0,0,0,0,0,"882,4","882,8","883,4","883,3",883,"882,9","882,8","882,7",883,"883,5","883,8","884,3","884,4","884,4","884,3","883,9","883,4","882,7","882,1","881,4","880,8","880,8","881,2","881,3",882,"882,2","882,8","882,9","882,7","882,6","882,6","882,6","882,5",883,"883,4","883,8","884,2","884,2","883,8","883,4","882,7","882,1","881,4","880,7","880,5","880,6","880,7","881,1"
30-nov-2014,"881,7","882,2","882,5","882,1","881,7","881,4","881,8","881,7","881,4","881,5","882,3","882,9","883,4","883,3","883,4","882,6","882,6","881,7","880,8","879,9","879,7","879,7","880,4","881,7",0,0,0,0,0,0,0,"0,2",0,0,0,"0,2",0,0,0,0,0,0,0,0,0,0,0,0,"881,7","882,2","882,5","882,5","882,2","881,7","881,8","881,9","881,8","881,7","882,3",883,"883,6","883,4","883,5","883,5","882,9","882,6","881,7","880,8",880,"879,8","880,5","881,7","881,2","881,7","882,2","882,1","881,7","881,3","881,4","881,5","881,4","881,4","881,4","882,3","882,8","883,1","883,3","882,6","882,6","881,7","880,8","879,9","879,7","879,6","879,7","880,4"
01-dic-2014,"882,2","882,4","878,4","882,3","882,1","881,9","881,2","881,1","881,3","881,4",882,"881,9",882,882,882,"882,2","881,9","881,1","879,8","879,3","878,8","878,9","879,4","880,2",0,0,0,0,0,0,0,0,0,0,0,0,0,"0,2",0,0,0,0,0,0,0,0,0,0,"882,2","882,6","878,8","882,9","882,3","882,3","881,9","881,5","881,3","881,5",882,882,882,"882,1","882,1","882,2","882,2","881,9","881,1","879,8","879,3","878,9","879,4","880,2","881,6","882,2","878,3","882,3",882,"881,8","881,2","881,1","880,9","881,3","881,3","881,7","881,7","881,9","881,9","881,9","881,9","881,1","879,8","879,3","878,7","878,6","878,9","879,4"
02-dic-2014,"880,7","881,1","881,1","880,8","880,1","879,8","879,9","879,5","879,5","879,9","880,8","881,2","881,5","881,2",881,"880,6","879,9","879,2","878,3","877,6","877,3","877,5","878,6","879,2",0,0,0,0,0,0,0,0,0,0,0,0,0,0,0,0,"0,4",0,0,0,0,0,0,0,"880,7","881,2","881,3","881,1","880,9","880,1","880,1","879,9","879,5","879,9","880,8","881,2","881,5","881,5","881,3",881,"880,6","879,9","879,2","878,4","877,7","877,5","878,6","879,2","880,2","880,6","881,1","880,8","880,1","879,7","879,8","879,5","879,3","879,4","879,9","880,7","881,2","881,2",881,"880,6","879,9","879,1","878,3","877,6","877,2","877,1","877,5","878,6"
03-dic-2014,"879,6","879,8","879,7",NULL,NULL,NULL,NULL,NULL,NULL,NULL,NULL,NULL,NULL,NULL,NULL,NULL,NULL,NULL,NULL,NULL,NULL,NULL,NULL,NULL,0,0,0,NULL,NULL,NULL,NULL,NULL,NULL,NULL,NULL,NULL,NULL,NULL,NULL,NULL,NULL,NULL,NULL,NULL,NULL,NULL,NULL,NULL,"879,6","879,8","879,9",NULL,NULL,NULL,NULL,NULL,NULL,NULL,NULL,NULL,NULL,NULL,NULL,NULL,NULL,NULL,NULL,NULL,NULL,NULL,NULL,NULL,"879,2","879,5","879,7",NULL,NULL,NULL,NULL,NULL,NULL,NULL,NULL,NULL,NULL,NULL,NULL,NULL,NULL,NULL,NULL,NULL,NULL,NULL,NULL,NULL
04-dic-2014,NULL,NULL,NULL,NULL,NULL,NULL,NULL,NULL,NULL,NULL,NULL,NULL,NULL,NULL,NULL,NULL,NULL,NULL,NULL,"880,8",881,"881,4","881,8",NULL,NULL,NULL,NULL,NULL,NULL,NULL,NULL,NULL,NULL,NULL,NULL,NULL,NULL,NULL,NULL,NULL,NULL,NULL,NULL,0,0,0,0,NULL,NULL,NULL,NULL,NULL,NULL,NULL,NULL,NULL,NULL,NULL,NULL,NULL,NULL,NULL,NULL,NULL,NULL,NULL,NULL,"880,9",881,"881,4","881,9",NULL,NULL,NULL,NULL,NULL,NULL,NULL,NULL,NULL,NULL,NULL,NULL,NULL,NULL,NULL,NULL,NULL,NULL,NULL,NULL,"880,8","880,8",881,"881,4",NULL
05-dic-2014,NULL,NULL,NULL,NULL,NULL,NULL,NULL,NULL,NULL,NULL,NULL,"883,9","884,3","884,7","884,6","884,3","883,8","883,6","883,1","882,7","882,5","882,4","882,6","882,9",NULL,NULL,NULL,NULL,NULL,NULL,NULL,NULL,NULL,NULL,NULL,0,0,0,0,0,0,0,0,0,0,0,0,0,NULL,NULL,NULL,NULL,NULL,NULL,NULL,NULL,NULL,NULL,NULL,"883,9","884,3","884,7","884,8","884,6","884,3","883,8","883,6","883,1","882,7","882,5","882,6","882,9",NULL,NULL,NULL,NULL,NULL,NULL,NULL,NULL,NULL,NULL,NULL,"883,2","883,9","884,3","884,6","884,3","883,8","883,6","883,1","882,6","882,5","882,3","882,4","882,6"
06-dic-2014,"883,5","884,1","884,3",NULL,NULL,NULL,NULL,NULL,NULL,NULL,NULL,NULL,NULL,NULL,"883,6","883,3","882,8","882,2","881,7","881,1","880,9","880,8","880,8","881,2",0,0,0,NULL,NULL,NULL,NULL,NULL,NULL,NULL,NULL,NULL,NULL,NULL,0,0,0,0,0,0,0,0,0,0,"883,5","884,1","884,3",NULL,NULL,NULL,NULL,NULL,NULL,NULL,NULL,NULL,NULL,NULL,884,"883,6","883,3","882,8","882,2","881,7","881,1","880,9","880,9","881,2","882,9","883,5",884,NULL,NULL,NULL,NULL,NULL,NULL,NULL,NULL,NULL,NULL,NULL,"883,6","883,3","882,8","882,2","881,7","881,1","880,9","880,8","880,8","880,8"
07-dic-2014,"881,7","882,3","882,9","883,1","882,9","882,8","882,3","882,2","882,4",883,"883,6","883,8","883,9","884,1","884,1","883,7","883,2","882,5","881,6",881,"880,6","880,5","880,5","880,7",0,0,0,0,0,0,0,0,0,0,0,0,0,0,0,0,0,0,0,0,0,0,0,0,"881,7","882,3","882,9","883,1","883,2","882,9","882,8","882,3","882,4",883,"883,6","883,8","883,9","884,1","884,2","884,1","883,8","883,3","882,5","881,6",881,"880,7","880,6","880,7","881,2","881,7","882,3","882,8","882,9","882,7","882,3","881,9","882,1","882,4","882,9","883,5","883,7","883,8",884,"883,7","883,2","882,4","881,6","880,9","880,6","880,5","880,4","880,5"
08-dic-2014,"881,6","882,3","882,6","882,2","882,2",882,"881,6","881,8","882,4","882,7","882,7","882,9",883,"882,7","883,1","882,8","882,4","881,5","880,8","879,6","879,4","879,8","880,1","880,4",0,0,0,0,0,0,0,0,0,0,0,0,0,0,0,0,0,0,0,0,0,0,"0,4",0,"881,6","882,3","882,6","882,6","882,3","882,3","882,1","881,9","882,4","882,8","882,7",883,"883,1",883,"883,1","883,1",883,"882,5","881,5","880,9","879,7","879,8","880,6","880,4","880,7","881,6","882,3","882,2","882,2",882,"881,6","881,6","881,8","882,4","882,5","882,7","882,9","882,7","882,7","882,8","882,4","881,4","880,8","879,6","879,3","879,4","879,8",880
09-dic-2014,"880,8","881,3","881,3",881,"880,5","880,1","879,9","879,7","879,8","880,2","880,5","880,8","881,1",881,"880,8","880,1","879,4","879,3","878,4","877,5","876,7","877,6",878,"877,6",0,0,0,0,0,0,0,0,0,0,0,0,0,0,"7,4",0,0,"1,2",4,"0,2",0,0,"0,2","7,8","880,8","881,3","881,4","881,3",881,"880,6","880,1","879,9","879,8","880,2","880,5","880,8","881,2","881,1","881,2","880,8","880,1","879,5","879,3","878,4","877,5","877,6",878,"878,1","880,3","880,8","881,3",881,"880,5","880,1","879,9","879,6","879,6","879,8","880,2","880,5","880,8","880,9","880,8","880,1","879,4","879,1","878,4","877,5","876,6","876,7","877,5","877,4"
10-dic-2014,"878,1","878,5","878,2",878,"877,8","877,6","877,5",877,"877,1","877,4","877,9","878,6","879,1","879,6","879,8","879,2","878,4","877,9","877,3","877,1",877,"877,3","877,2","878,6",0,0,0,0,0,0,0,0,0,0,0,0,"0,2",0,0,"0,4",0,0,0,0,0,0,"0,2",0,"878,1","878,5","878,5","878,3",878,"877,8","877,6","877,5","877,2","877,5","877,9","878,7","879,1","879,6",880,"879,8","879,2","878,4","877,9","877,3","877,2","877,5","877,7","878,6","877,6",878,"878,2",878,"877,7","877,6","877,3",877,877,877,"877,4","877,9","878,6","879,1","879,5","879,1","878,4","877,9","877,3","876,9","876,9",877,"877,2","877,2"
11-dic-2014,"879,2","879,7","879,9","879,4","879,2","878,7","879,2","879,1","879,3","879,7","880,1","880,6","880,7",881,"881,1","880,7","880,2","879,4","878,6","878,4","878,5","878,7","879,2","879,8","0,2",0,0,0,0,0,0,0,0,0,0,0,0,0,0,0,0,0,0,0,0,0,0,0,"879,2","879,8","880,1","879,8","879,6","879,2","879,2","879,2","879,3","879,8","880,1","880,6","880,7",881,"881,2","881,1","880,7","880,2","879,4","878,6","878,6","878,8","879,3","879,8","878,6","879,2","879,7","879,2","879,1","878,7","878,7","878,6",879,"879,4","879,7","880,1","880,6","880,7",881,"880,7","880,2","879,4","878,6","878,3",878,"878,5","878,7","879,1"
12-dic-2014,"880,1","880,3","880,5","881,1","880,7",880,"879,8","879,4","879,4","879,2","879,5","880,2","880,6",881,"880,8","880,2","879,5","878,4","877,5","876,8","876,5","876,6","877,4","877,4",0,0,0,0,"0,8","1,2","0,8","0,2","6,6","0,2",0,0,0,0,0,0,0,0,0,0,"7,8","0,6",0,0,"880,1","880,4","880,5","881,1","881,1","880,7",880,"879,8","879,5","879,5","879,5","880,2","880,7",881,881,"880,8","880,2","879,5","878,5","877,5",877,"876,6","877,4","877,7","879,8",880,"880,2","880,5","880,7",880,"879,7","879,4","879,4","879,2","879,2","879,5","880,2","880,6","880,8","880,2","879,5","878,4","877,5","876,8","876,5",876,"876,6","877,4"
13-dic-2014,"878,1","878,3","878,2","877,2","875,8","875,6",875,"875,2","875,3","875,8","876,1","876,3","876,6","876,9","876,6","876,3","876,1","875,6","875,3","874,8","874,7","875,1","875,8","876,2",0,"0,4",0,0,0,"0,2",0,0,0,0,0,0,0,0,0,0,0,0,0,0,0,0,0,0,"878,2","878,6","878,4","878,2","877,2","876,3","875,6","875,3","875,3","875,8","876,2","876,3","876,7","876,9",877,"876,7","876,3","876,1","875,7","875,4","874,8","875,1","875,8","876,2","877,4","878,1","878,1","877,2","875,8","875,6","874,6",875,"875,1","875,3","875,8",876,"876,3","876,6","876,6","876,3",876,"875,6","875,2","874,7","874,5","874,7","875,1","875,7"
14-dic-2014,"876,8","877,5","877,9","877,8","877,8","877,1","877,4","877,5","878,1","878,4",879,"879,5","879,3","879,4","879,4","879,2","878,9","878,9","878,8","878,3","878,2","878,4","878,6",879,0,0,0,0,0,0,0,0,"0,2",0,0,0,0,0,0,0,0,0,"1,4",0,0,0,0,0,"876,8","877,5","877,9","877,9","877,9","877,8","877,4","877,5","878,1","878,4",879,"879,5","879,5","879,5","879,4","879,4","879,2","878,9","878,9","878,8","878,3","878,4","878,6",879,"876,2","876,8","877,5","877,8","877,8","877,1",877,"877,3","877,5","877,9","878,4",879,"879,3","879,3","879,3",879,"878,9","878,7","878,6","878,2","878,1","878,1","878,4","878,6"
15-dic-2014,"879,7","880,5","880,9","880,8","880,5","880,4","880,4","880,6","881,2","881,5","882,2","882,9","883,7","883,8","883,8","883,7","883,6","882,9","882,6","882,1","881,9","881,8","881,8",882,0,0,0,0,0,0,0,0,0,0,0,0,0,0,0,0,0,0,0,0,0,0,0,0,"879,7","880,6","880,9","881,1","880,8","880,5","880,4","880,7","881,2","881,5","882,3",883,"883,7","883,8",884,"883,8","883,7","883,6",883,"882,6","882,1","881,9","881,9",882,879,"879,7","880,5","880,8","880,5","880,4","880,3","880,4","880,6","881,1","881,5","882,2","882,9","883,7","883,6","883,6","883,5","882,9","882,6","882,1","881,9","881,7","881,8","881,7"
16-dic-2014,"882,5",883,"883,2","883,4","883,1","882,8","882,3","882,3","882,4","883,1","883,5","883,9","884,7","884,5","883,9","883,2","882,7","882,5","882,1","881,7","881,6","881,3","881,7","882,5",0,0,0,0,0,0,0,0,0,0,0,0,0,0,0,0,0,0,0,0,0,0,0,0,"882,5","883,1","883,3","883,4","883,4","883,1","882,8","882,5","882,4","883,1","883,5","883,9","884,7","884,7","884,5","883,9","883,2",883,"882,7","882,1","881,8","881,6","881,8","882,5",882,"882,5",883,"883,2","883,1","882,8","882,3","882,2","882,2","882,4",883,"883,4","883,8","884,3","883,9","883,2","882,6","882,5","882,1","881,6","881,6","881,2","881,3","881,6"
17-dic-2014,"882,5","882,5","882,4","881,4","881,8","881,4","880,6",880,"879,5","879,6","880,3","881,3","881,8",882,"882,2","881,4","880,4","879,6","879,7","879,1","878,5","878,3","878,4","878,8",0,0,0,0,0,0,0,0,0,0,0,0,0,0,0,0,0,0,0,0,0,0,0,0,"882,6","882,8","882,5","882,4","881,9","881,8","881,4","880,6",880,"879,9","880,3","881,3","881,8","882,4","882,3","882,2","881,4","880,4","879,8","879,7","879,1","878,5","878,4","878,8","882,3","882,5",882,"881,4","881,1","881,4","880,6",880,"879,5","879,5","879,6","880,2","881,3","881,8","881,7","881,4","880,4","879,6","879,6","879,1","878,5","878,3","878,2","878,4"
18-dic-2014,"879,6","880,1","879,7","879,4","878,7","878,4",878,"878,1","877,5","878,6","879,2","879,6","879,5","879,5","879,3","879,1","878,7","878,5","878,1","877,3","876,6","876,7","877,1","877,4",0,0,"0,2",0,0,0,0,0,0,0,0,0,0,0,0,0,0,"2,6","3,8",2,0,0,0,0,"879,6","880,1","880,3","879,8","879,4","878,7","878,4","878,1","878,1","878,6","879,2","879,6","879,7","879,5","879,5","879,4","879,1","878,8","878,5","878,2","877,3","876,8","877,1","877,4","878,8","879,6","879,7","879,3","878,7","878,4","877,9",878,"877,5","877,5","878,6","879,2","879,5","879,4","879,3","879,1","878,6","878,4",878,"877,3","876,6","876,5","876,7",877
19-dic-2014,878,"878,6","878,7","878,4","877,9","877,3","877,3","877,2","877,1","877,4","877,7","878,4","878,7","878,6",878,"876,8","877,5","876,9",876,"875,9","875,2","875,1","875,8","876,5",0,0,0,0,0,0,0,0,0,"0,2",0,0,0,0,0,"1,2","9,4",0,"0,4",0,0,0,0,0,878,"878,6","878,7","878,7","878,4","877,9","877,4","877,3","877,2","877,4","877,7","878,4","878,8","878,8","878,6",878,"878,3","877,5","877,3",876,"875,9","875,4","875,8","876,5","877,4",878,"878,6","878,4","877,9","877,2","877,3",877,877,"877,1","877,3","877,7","878,4","878,6",878,"876,8","876,8","876,8",876,"875,5","875,2","875,1","875,1","875,8"
20-dic-2014,"876,7",877,"877,3",877,"876,9","876,4","875,9","875,6","875,6","876,4",877,"877,7","877,9","878,1","878,6","878,1","877,2","876,4","875,6","874,8","874,2","873,8","873,7","874,8",0,0,0,0,0,"1,6",0,0,0,0,0,0,0,0,0,0,0,0,0,0,0,0,0,0,877,877,"877,4","877,3","877,1","876,9","876,4","875,9","875,6","876,4",877,"877,7",878,"878,2","878,6","878,6","878,1","877,2","876,4","875,6","874,8","874,2",874,"874,8","876,5","876,5",877,877,"876,9","876,3","875,9","875,6","875,4","875,6","876,4",877,"877,6","877,9","878,1","878,1","877,2","876,4","875,6","874,7","874,2","873,7","873,6","873,6"
21-dic-2014,"875,8","875,7","876,6","876,2","875,6","875,4","874,7","874,6","874,9","875,7","876,1","876,6","876,8","876,8","876,6","876,4","875,4","874,7","873,3","872,6",873,"873,3","873,8","874,2",0,0,0,0,0,0,0,"2,4","0,4",0,0,0,"3,6",0,0,"3,8",0,1,0,0,0,0,"1,2",0,"875,9","875,9","876,6","876,9","876,2","875,6","875,4","874,9","874,9","875,7","876,2","876,7","876,8","876,9","876,9","876,8","876,4","875,4","874,7","873,3","873,1","873,3","873,8","874,2","874,8","875,6","875,7","876,2","875,3","875,3","874,7","874,5","874,5","874,8","875,6","876,1","876,5","876,7","876,5","876,2","875,3","874,7","873,2","872,5","872,6","872,8","873,3","873,6"
22-dic-2014,"875,5","875,7","875,3","875,8","875,5","874,9","874,7","874,8","875,1","875,9","876,3",877,"877,3","877,9","878,7","878,9","878,6","878,5","878,5","878,6","878,5",879,"879,4",880,23,"1,4","1,4","0,6","5,8","2,2","0,4","0,4","0,6","0,8","2,2","8,4","0,4","1,2","1,4",1,"0,2",0,0,0,0,"0,2",0,0,"875,6","875,8","875,9","876,1",876,"875,6","874,9","874,8","875,1","875,9","876,3",877,"877,3","877,9","878,7",879,"879,1","878,6","878,7","878,7","878,6",879,"879,4",880,"874,2","875,1","875,3","875,3","875,5","874,8","874,7","874,6","874,7","875,1","875,9","876,2","876,9","877,3","877,9","878,7","878,6","878,4","878,4","878,4","878,4","878,5",879,"879,4"
23-dic-2014,"880,4","880,3","880,9","881,6","881,7","881,7","881,7","881,8",882,NULL,NULL,"883,5","884,1","884,4","884,5","884,4",884,"883,7","883,2","882,8","882,5","882,8","883,3","883,6","0,2","0,2","0,4","0,4","0,2",0,"0,2",0,0,NULL,NULL,0,0,0,0,0,0,0,0,0,0,0,"0,2",0,"880,4","880,4","880,9","881,6","881,7","881,8","881,8","881,8",882,NULL,NULL,"883,5","884,1","884,4","884,6","884,6","884,4",884,"883,7","883,2","882,8","882,9","883,3","883,6",880,"880,2","880,3","880,9","881,6","881,7","881,6","881,4","881,7",NULL,NULL,"883,1","883,5","884,1","884,4","884,3",884,"883,7","883,2","882,8","882,5","882,5","882,8","883,3"
24-dic-2014,884,"884,6","884,7","884,2","883,7",NULL,NULL,NULL,NULL,NULL,NULL,NULL,"883,1","883,4","883,5","883,4","883,1","882,9","882,7","882,2","882,1","882,3","882,8","883,4","0,2",0,"0,2",0,0,NULL,NULL,NULL,NULL,NULL,NULL,NULL,"0,4",0,0,0,"0,2","0,2","0,2",0,"0,2","0,8","0,2","0,2",884,"884,6","884,9","884,7","884,3",NULL,NULL,NULL,NULL,NULL,NULL,NULL,"883,2","883,5","883,5","883,6","883,4","883,2","882,9","882,7","882,2","882,3","882,8","883,4","883,6",884,"884,6","884,2","883,7",NULL,NULL,NULL,NULL,NULL,NULL,NULL,"882,8","883,1","883,4","883,4","883,1","882,9","882,7","882,2","882,1","882,1","882,3","882,8"
25-dic-2014,"883,7","883,9",884,"883,9","883,2","882,9","882,4","882,7","883,1","883,6",884,"884,4","884,6","884,9","884,9","884,7","884,4",884,"883,6","883,1","882,8","882,6","883,1","883,8",0,"0,4",0,"0,2",0,"0,2",0,0,"0,4",0,0,0,0,0,0,0,0,0,0,0,0,0,0,0,"883,7","883,9","884,1","884,1","883,9","883,2","882,9","882,7","883,1","883,6",884,"884,4","884,6","884,9","884,9","884,9","884,7","884,4",884,"883,6","883,1","882,8","883,1","883,8","883,3","883,7","883,8","883,9","883,2","882,8","882,4","882,4","882,7","883,1","883,6",884,"884,4","884,5","884,8","884,7","884,4",884,"883,6","883,1","882,6","882,6","882,6","883,1"
26-dic-2014,"884,5","885,2","885,5","885,4","885,1",885,"884,3","884,2","884,3","885,1","885,7","886,4","886,7","886,6","886,4","886,2","885,3",884,"883,7","882,6","882,7","883,1","883,5","883,6",0,0,0,0,0,"0,2","0,4",0,0,0,0,0,0,0,0,0,0,0,0,0,0,0,0,0,"884,5","885,2","885,5","885,5","885,5","885,1","885,1","884,4","884,4","885,1","885,7","886,4","886,7","886,7","886,6","886,4","886,2","885,3",884,"883,7","882,7","883,1","883,7","883,7","883,8","884,5","885,2","885,2","885,1","884,9","884,3","884,1","884,2","884,3","885,1","885,7","886,4","886,6","886,4","886,1","885,3",884,"883,7","882,6","882,4","882,5",883,"883,3"
27-dic-2014,"884,2","884,2","884,5","884,3","883,9","883,4","882,7","882,5","882,6","882,9","883,2","883,8","883,6",884,"883,9","883,5","882,9","882,4","881,8","881,1","881,4","881,5","881,8",882,0,0,"0,2",0,0,0,0,0,0,0,0,0,0,0,0,0,0,0,0,0,0,0,0,0,"884,3","884,2","884,7","884,5","884,4","883,9","883,4","882,7","882,7",883,"883,2","883,8","883,8",884,"884,1",884,"883,5",883,"882,4","881,8","881,4","881,5","881,8",882,"883,6","883,8","884,2","884,2","883,9","883,2","882,7","882,4","882,4","882,5","882,8","883,2","883,4","883,5","883,8","883,5","882,8","882,3","881,7",881,"881,1","881,4","881,5","881,7"
28-dic-2014,"882,5","882,6","882,6","882,2","881,9","881,4","880,9","880,6","880,8","880,9","881,4","881,7","881,4","881,4","880,7","880,9","879,5",879,"878,4","878,1","878,4","878,7","879,2","879,3",0,0,0,0,0,0,0,0,0,0,0,0,0,0,0,2,0,0,0,0,0,0,"6,6",0,"882,6","882,6","882,7","882,6","882,2","881,9","881,4","880,9","880,9","880,9","881,4","881,7","881,8","881,6","881,4","881,1","880,9","879,6",879,"878,4","878,5","878,7","880,1","879,3",882,"882,2","882,5","882,2","881,8","881,4","880,9","880,6","880,6","880,8","880,9","881,3","881,2","881,4","880,7","880,4","879,4",879,"878,2","878,1","877,9","878,3","878,7",879
29-dic-2014,"879,7","879,3","879,2","878,8","878,1","877,8","877,6","877,8","878,2","878,8","879,2","879,5","879,8",NULL,NULL,NULL,NULL,NULL,NULL,NULL,"878,1","878,7",NULL,NULL,0,0,0,0,0,0,0,0,0,0,0,0,0,NULL,NULL,NULL,NULL,NULL,NULL,NULL,0,0,NULL,NULL,"879,7","879,8","879,4","879,3","878,8","878,1","877,8","877,8","878,2","878,8","879,2","879,5","879,8",NULL,NULL,NULL,NULL,NULL,NULL,NULL,NULL,"878,7",NULL,NULL,"879,2","879,3","879,2","878,8","878,1","877,8","877,5","877,6","877,8","878,2","878,8","879,2","879,4",NULL,NULL,NULL,NULL,NULL,NULL,NULL,NULL,"878,1",NULL,NULL
30-dic-2014,NULL,NULL,NULL,NULL,NULL,NULL,NULL,NULL,NULL,NULL,NULL,NULL,"879,3","879,4","879,1","879,1","878,9","878,2",878,"877,5","876,6",877,878,"877,9",NULL,NULL,NULL,NULL,NULL,NULL,NULL,NULL,NULL,NULL,NULL,NULL,0,0,0,0,0,0,0,0,0,0,0,0,NULL,NULL,NULL,NULL,NULL,NULL,NULL,NULL,NULL,NULL,NULL,NULL,"879,4","879,4","879,4","879,2","879,1","878,9","878,3","878,2","877,5","877,1",878,"878,1",NULL,NULL,NULL,NULL,NULL,NULL,NULL,NULL,NULL,NULL,NULL,NULL,879,"879,1","879,1","879,1","878,8","878,2","877,9","877,5","876,5","876,4",877,"877,8"
31-dic-2014,"877,8","877,9","878,9","878,6","877,9","877,2",877,"876,3","876,5","876,9","877,8","878,3","878,4","878,7","878,2",878,"877,6","877,5",878,"878,5","878,6",879,"879,1","879,2",0,0,0,"7,4","2,4","0,8","0,2",0,0,0,0,0,0,0,0,0,0,0,0,5,"2,8","3,6","0,2",0,"877,9","878,1","878,9","879,8","878,6",878,"877,2",877,"876,6","876,9",878,"878,3","878,5","878,8","878,8","878,2",878,"877,8",878,"878,9","878,6","879,5","879,2","879,2","877,7","877,8","877,8","878,6","877,8","877,1","876,9","876,2","876,1","876,4","876,9","877,8","877,9","878,2","878,1","877,9","877,4","877,5","877,4","877,8","878,4","878,6","878,8","878,4"
